[
{
  "model": "admin.logentry",
  "pk": 1,
  "fields": {
    "action_time": "2020-09-11T11:23:17.284Z",
    "user": 1,
    "content_type": 8,
    "object_id": "1",
    "object_repr": "cut",
    "action_flag": 1,
    "change_message": "[{\"added\": {}}]"
  }
},
{
  "model": "admin.logentry",
  "pk": 2,
  "fields": {
    "action_time": "2020-09-11T11:26:03.732Z",
    "user": 1,
    "content_type": 7,
    "object_id": "1",
    "object_repr": "Stacey",
    "action_flag": 1,
    "change_message": "[{\"added\": {}}]"
  }
},
{
  "model": "admin.logentry",
  "pk": 3,
  "fields": {
    "action_time": "2020-09-11T11:29:07.111Z",
    "user": 1,
    "content_type": 7,
    "object_id": "2",
    "object_repr": "Sarah",
    "action_flag": 1,
    "change_message": "[{\"added\": {}}]"
  }
},
{
  "model": "admin.logentry",
  "pk": 4,
  "fields": {
    "action_time": "2020-09-11T11:29:29.097Z",
    "user": 1,
    "content_type": 7,
    "object_id": "3",
    "object_repr": "Bec",
    "action_flag": 1,
    "change_message": "[{\"added\": {}}]"
  }
},
{
  "model": "admin.logentry",
  "pk": 5,
  "fields": {
    "action_time": "2020-09-11T11:30:28.930Z",
    "user": 1,
    "content_type": 8,
    "object_id": "2",
    "object_repr": "Men's Wash cut Dry",
    "action_flag": 1,
    "change_message": "[{\"added\": {}}]"
  }
},
{
  "model": "admin.logentry",
  "pk": 6,
  "fields": {
    "action_time": "2020-09-11T11:30:56.786Z",
    "user": 1,
    "content_type": 8,
    "object_id": "3",
    "object_repr": "Long Blow Dry",
    "action_flag": 1,
    "change_message": "[{\"added\": {}}]"
  }
},
{
  "model": "admin.logentry",
  "pk": 7,
  "fields": {
    "action_time": "2020-09-11T11:32:30.673Z",
    "user": 1,
    "content_type": 9,
    "object_id": "1",
    "object_repr": "Olaplex Shampoo",
    "action_flag": 1,
    "change_message": "[{\"added\": {}}]"
  }
},
{
  "model": "admin.logentry",
  "pk": 8,
  "fields": {
    "action_time": "2020-09-11T11:33:02.990Z",
    "user": 1,
    "content_type": 9,
    "object_id": "1",
    "object_repr": "Olaplex Shampoo",
    "action_flag": 2,
    "change_message": "[]"
  }
},
{
  "model": "admin.logentry",
  "pk": 9,
  "fields": {
    "action_time": "2020-09-11T11:35:21.981Z",
    "user": 1,
    "content_type": 9,
    "object_id": "1",
    "object_repr": "Olaplex Shampoo",
    "action_flag": 3,
    "change_message": ""
  }
},
{
  "model": "admin.logentry",
  "pk": 10,
  "fields": {
    "action_time": "2020-09-11T11:50:33.204Z",
    "user": 1,
    "content_type": 9,
    "object_id": "2",
    "object_repr": "Olaplex Shampoo",
    "action_flag": 1,
    "change_message": "[{\"added\": {}}]"
  }
},
{
  "model": "admin.logentry",
  "pk": 11,
  "fields": {
    "action_time": "2020-09-11T11:52:12.216Z",
    "user": 1,
    "content_type": 9,
    "object_id": "3",
    "object_repr": "Olaplex Conditioner",
    "action_flag": 1,
    "change_message": "[{\"added\": {}}]"
  }
},
{
  "model": "admin.logentry",
  "pk": 12,
  "fields": {
    "action_time": "2020-09-11T11:53:53.605Z",
    "user": 1,
    "content_type": 8,
    "object_id": "4",
    "object_repr": "Balayage",
    "action_flag": 1,
    "change_message": "[{\"added\": {}}]"
  }
},
{
  "model": "admin.logentry",
  "pk": 13,
  "fields": {
    "action_time": "2020-09-11T22:15:10.264Z",
    "user": 1,
    "content_type": 7,
    "object_id": "1",
    "object_repr": "Stacey",
    "action_flag": 2,
    "change_message": "[{\"changed\": {\"fields\": [\"Role\"]}}]"
  }
},
{
  "model": "admin.logentry",
  "pk": 14,
  "fields": {
    "action_time": "2020-09-12T12:26:53.154Z",
    "user": 1,
    "content_type": 7,
    "object_id": "4",
    "object_repr": "Christina",
    "action_flag": 1,
    "change_message": "[{\"added\": {}}]"
  }
},
{
  "model": "admin.logentry",
  "pk": 15,
  "fields": {
    "action_time": "2020-09-12T12:29:28.196Z",
    "user": 1,
    "content_type": 8,
    "object_id": "1",
    "object_repr": "Ladies Cut and Blowdry",
    "action_flag": 2,
    "change_message": "[{\"changed\": {\"fields\": [\"Name\"]}}]"
  }
},
{
  "model": "admin.logentry",
  "pk": 16,
  "fields": {
    "action_time": "2020-09-12T12:29:45.718Z",
    "user": 1,
    "content_type": 8,
    "object_id": "3",
    "object_repr": "Long Blow Dry",
    "action_flag": 2,
    "change_message": "[{\"changed\": {\"fields\": [\"Info\"]}}]"
  }
},
{
  "model": "admin.logentry",
  "pk": 17,
  "fields": {
    "action_time": "2020-09-12T12:29:53.468Z",
    "user": 1,
    "content_type": 8,
    "object_id": "3",
    "object_repr": "Long Blow Dry",
    "action_flag": 2,
    "change_message": "[]"
  }
},
{
  "model": "admin.logentry",
  "pk": 18,
  "fields": {
    "action_time": "2020-09-12T12:30:04.640Z",
    "user": 1,
    "content_type": 8,
    "object_id": "4",
    "object_repr": "Balayage",
    "action_flag": 2,
    "change_message": "[]"
  }
},
{
  "model": "admin.logentry",
  "pk": 19,
  "fields": {
    "action_time": "2020-09-12T12:34:03.851Z",
    "user": 1,
    "content_type": 8,
    "object_id": "5",
    "object_repr": "Medium Blowdry",
    "action_flag": 1,
    "change_message": "[{\"added\": {}}]"
  }
},
{
  "model": "admin.logentry",
  "pk": 20,
  "fields": {
    "action_time": "2020-09-12T12:34:36.422Z",
    "user": 1,
    "content_type": 8,
    "object_id": "6",
    "object_repr": "Short Blowdry",
    "action_flag": 1,
    "change_message": "[{\"added\": {}}]"
  }
},
{
  "model": "admin.logentry",
  "pk": 21,
  "fields": {
    "action_time": "2020-09-12T12:34:44.259Z",
    "user": 1,
    "content_type": 8,
    "object_id": "3",
    "object_repr": "Long Blow Dry",
    "action_flag": 2,
    "change_message": "[]"
  }
},
{
  "model": "admin.logentry",
  "pk": 22,
  "fields": {
    "action_time": "2020-09-12T12:34:51.982Z",
    "user": 1,
    "content_type": 8,
    "object_id": "5",
    "object_repr": "Medium Blowdry",
    "action_flag": 2,
    "change_message": "[{\"changed\": {\"fields\": [\"Price\"]}}]"
  }
},
{
  "model": "admin.logentry",
  "pk": 23,
  "fields": {
    "action_time": "2020-09-12T12:40:57.733Z",
    "user": 1,
    "content_type": 8,
    "object_id": "7",
    "object_repr": "Hair-Up Long",
    "action_flag": 1,
    "change_message": "[{\"added\": {}}]"
  }
},
{
  "model": "admin.logentry",
  "pk": 24,
  "fields": {
    "action_time": "2020-09-12T12:41:20.730Z",
    "user": 1,
    "content_type": 8,
    "object_id": "8",
    "object_repr": "Hair-Up Medium",
    "action_flag": 1,
    "change_message": "[{\"added\": {}}]"
  }
},
{
  "model": "admin.logentry",
  "pk": 25,
  "fields": {
    "action_time": "2020-09-12T12:41:34.361Z",
    "user": 1,
    "content_type": 8,
    "object_id": "9",
    "object_repr": "Hair-Up Short",
    "action_flag": 1,
    "change_message": "[{\"added\": {}}]"
  }
},
{
  "model": "admin.logentry",
  "pk": 26,
  "fields": {
    "action_time": "2020-09-12T12:41:52.137Z",
    "user": 1,
    "content_type": 8,
    "object_id": "10",
    "object_repr": "Fringe Trim",
    "action_flag": 1,
    "change_message": "[{\"added\": {}}]"
  }
},
{
  "model": "admin.logentry",
  "pk": 27,
  "fields": {
    "action_time": "2020-09-12T12:42:39.072Z",
    "user": 1,
    "content_type": 8,
    "object_id": "11",
    "object_repr": "Full Head of HighLights From",
    "action_flag": 1,
    "change_message": "[{\"added\": {}}]"
  }
},
{
  "model": "admin.logentry",
  "pk": 28,
  "fields": {
    "action_time": "2020-09-12T12:42:57.562Z",
    "user": 1,
    "content_type": 8,
    "object_id": "12",
    "object_repr": "Half Head of HighLights From",
    "action_flag": 1,
    "change_message": "[{\"added\": {}}]"
  }
},
{
  "model": "admin.logentry",
  "pk": 29,
  "fields": {
    "action_time": "2020-09-12T12:44:26.022Z",
    "user": 1,
    "content_type": 8,
    "object_id": "13",
    "object_repr": "Part-Hairline HighLights From",
    "action_flag": 1,
    "change_message": "[{\"added\": {}}]"
  }
},
{
  "model": "admin.logentry",
  "pk": 30,
  "fields": {
    "action_time": "2020-09-12T12:48:10.140Z",
    "user": 1,
    "content_type": 8,
    "object_id": "13",
    "object_repr": "Parting & Hairline HighLights From",
    "action_flag": 2,
    "change_message": "[{\"changed\": {\"fields\": [\"Name\"]}}]"
  }
},
{
  "model": "admin.logentry",
  "pk": 31,
  "fields": {
    "action_time": "2020-09-12T12:49:05.408Z",
    "user": 1,
    "content_type": 8,
    "object_id": "14",
    "object_repr": "Balayage with Natural Root From",
    "action_flag": 1,
    "change_message": "[{\"added\": {}}]"
  }
},
{
  "model": "admin.logentry",
  "pk": 32,
  "fields": {
    "action_time": "2020-09-12T12:49:42.012Z",
    "user": 1,
    "content_type": 8,
    "object_id": "4",
    "object_repr": "Balayage with Root Colour from",
    "action_flag": 2,
    "change_message": "[{\"changed\": {\"fields\": [\"Name\"]}}]"
  }
},
{
  "model": "admin.logentry",
  "pk": 33,
  "fields": {
    "action_time": "2020-09-12T12:50:38.392Z",
    "user": 1,
    "content_type": 8,
    "object_id": "15",
    "object_repr": "Root Bleach from",
    "action_flag": 1,
    "change_message": "[{\"added\": {}}]"
  }
},
{
  "model": "admin.logentry",
  "pk": 34,
  "fields": {
    "action_time": "2020-09-12T12:51:04.076Z",
    "user": 1,
    "content_type": 8,
    "object_id": "16",
    "object_repr": "Full Head Bleach",
    "action_flag": 1,
    "change_message": "[{\"added\": {}}]"
  }
},
{
  "model": "admin.logentry",
  "pk": 35,
  "fields": {
    "action_time": "2020-09-12T12:51:35.537Z",
    "user": 1,
    "content_type": 8,
    "object_id": "17",
    "object_repr": "Root Tint to Ends From",
    "action_flag": 1,
    "change_message": "[{\"added\": {}}]"
  }
},
{
  "model": "admin.logentry",
  "pk": 36,
  "fields": {
    "action_time": "2020-09-12T12:51:49.633Z",
    "user": 1,
    "content_type": 8,
    "object_id": "16",
    "object_repr": "Full Head Bleach from",
    "action_flag": 2,
    "change_message": "[{\"changed\": {\"fields\": [\"Name\"]}}]"
  }
},
{
  "model": "admin.logentry",
  "pk": 37,
  "fields": {
    "action_time": "2020-09-12T12:51:56.536Z",
    "user": 1,
    "content_type": 8,
    "object_id": "15",
    "object_repr": "Root Bleach from",
    "action_flag": 2,
    "change_message": "[]"
  }
},
{
  "model": "admin.logentry",
  "pk": 38,
  "fields": {
    "action_time": "2020-09-12T12:56:48.224Z",
    "user": 1,
    "content_type": 8,
    "object_id": "2",
    "object_repr": "Men's Cut and Dry",
    "action_flag": 2,
    "change_message": "[{\"changed\": {\"fields\": [\"Name\", \"Info\", \"Staff\"]}}]"
  }
},
{
  "model": "admin.logentry",
  "pk": 39,
  "fields": {
    "action_time": "2020-09-12T12:57:05.135Z",
    "user": 1,
    "content_type": 8,
    "object_id": "1",
    "object_repr": "Ladies Cut and Blowdry",
    "action_flag": 2,
    "change_message": "[{\"changed\": {\"fields\": [\"Info\", \"Staff\"]}}]"
  }
},
{
  "model": "admin.logentry",
  "pk": 40,
  "fields": {
    "action_time": "2020-09-12T12:59:13.364Z",
    "user": 1,
    "content_type": 8,
    "object_id": "18",
    "object_repr": "Root Tint to Touch Up From",
    "action_flag": 1,
    "change_message": "[{\"added\": {}}]"
  }
},
{
  "model": "admin.logentry",
  "pk": 41,
  "fields": {
    "action_time": "2020-09-12T14:59:28.043Z",
    "user": 1,
    "content_type": 8,
    "object_id": "19",
    "object_repr": "Semi - Long",
    "action_flag": 1,
    "change_message": "[{\"added\": {}}]"
  }
},
{
  "model": "admin.logentry",
  "pk": 42,
  "fields": {
    "action_time": "2020-09-12T15:00:05.092Z",
    "user": 1,
    "content_type": 8,
    "object_id": "20",
    "object_repr": "Semi - Medium",
    "action_flag": 1,
    "change_message": "[{\"added\": {}}]"
  }
},
{
  "model": "admin.logentry",
  "pk": 43,
  "fields": {
    "action_time": "2020-09-12T15:00:36.473Z",
    "user": 1,
    "content_type": 8,
    "object_id": "21",
    "object_repr": "Semi - Short",
    "action_flag": 1,
    "change_message": "[{\"added\": {}}]"
  }
},
{
  "model": "admin.logentry",
  "pk": 44,
  "fields": {
    "action_time": "2020-09-12T16:22:13.056Z",
    "user": 1,
    "content_type": 7,
    "object_id": "2",
    "object_repr": "Sarah",
    "action_flag": 2,
    "change_message": "[{\"changed\": {\"fields\": [\"Image\"]}}]"
  }
},
{
  "model": "admin.logentry",
  "pk": 45,
  "fields": {
    "action_time": "2020-09-12T16:23:36.755Z",
    "user": 1,
    "content_type": 7,
    "object_id": "1",
    "object_repr": "Stacey",
    "action_flag": 2,
    "change_message": "[{\"changed\": {\"fields\": [\"Image\"]}}]"
  }
},
{
  "model": "admin.logentry",
  "pk": 46,
  "fields": {
    "action_time": "2020-09-12T18:42:36.405Z",
    "user": 1,
    "content_type": 7,
    "object_id": "4",
    "object_repr": "Christina",
    "action_flag": 2,
    "change_message": "[{\"changed\": {\"fields\": [\"Service\"]}}]"
  }
},
{
  "model": "admin.logentry",
  "pk": 47,
  "fields": {
    "action_time": "2020-09-12T18:49:41.188Z",
    "user": 1,
    "content_type": 7,
    "object_id": "5",
    "object_repr": "Florence",
    "action_flag": 1,
    "change_message": "[{\"added\": {}}]"
  }
},
{
  "model": "admin.logentry",
  "pk": 48,
  "fields": {
    "action_time": "2020-09-12T18:55:28.802Z",
    "user": 1,
    "content_type": 7,
    "object_id": "6",
    "object_repr": "Will",
    "action_flag": 1,
    "change_message": "[{\"added\": {}}]"
  }
},
{
  "model": "admin.logentry",
  "pk": 49,
  "fields": {
    "action_time": "2020-09-12T18:58:49.918Z",
    "user": 1,
    "content_type": 7,
    "object_id": "7",
    "object_repr": "Lorenzo",
    "action_flag": 1,
    "change_message": "[{\"added\": {}}]"
  }
},
{
  "model": "admin.logentry",
  "pk": 50,
  "fields": {
    "action_time": "2020-09-13T01:42:37.656Z",
    "user": 1,
    "content_type": 8,
    "object_id": "22",
    "object_repr": "Olaplex/Wellaplex Stand Alone -Long",
    "action_flag": 1,
    "change_message": "[{\"added\": {}}]"
  }
},
{
  "model": "admin.logentry",
  "pk": 51,
  "fields": {
    "action_time": "2020-09-13T01:43:22.733Z",
    "user": 1,
    "content_type": 8,
    "object_id": "23",
    "object_repr": "Olaplex/Wellaplex Stand Alone - Medium",
    "action_flag": 1,
    "change_message": "[{\"added\": {}}]"
  }
},
{
  "model": "admin.logentry",
  "pk": 52,
  "fields": {
    "action_time": "2020-09-13T01:44:03.251Z",
    "user": 1,
    "content_type": 8,
    "object_id": "24",
    "object_repr": "Olaplex/Wellaplex Stand Alone - Short",
    "action_flag": 1,
    "change_message": "[{\"added\": {}}]"
  }
},
{
  "model": "admin.logentry",
  "pk": 53,
  "fields": {
    "action_time": "2020-09-13T01:45:01.904Z",
    "user": 1,
    "content_type": 8,
    "object_id": "25",
    "object_repr": "Olaplex Added on to Colour",
    "action_flag": 1,
    "change_message": "[{\"added\": {}}]"
  }
},
{
  "model": "admin.logentry",
  "pk": 54,
  "fields": {
    "action_time": "2020-09-13T01:46:18.270Z",
    "user": 1,
    "content_type": 8,
    "object_id": "26",
    "object_repr": "Nourishing Treatment - With Service Only",
    "action_flag": 1,
    "change_message": "[{\"added\": {}}]"
  }
},
{
  "model": "admin.logentry",
  "pk": 55,
  "fields": {
    "action_time": "2020-09-13T01:47:50.784Z",
    "user": 1,
    "content_type": 8,
    "object_id": "27",
    "object_repr": "Kerastraight Smoothing Treatment - Long from",
    "action_flag": 1,
    "change_message": "[{\"added\": {}}]"
  }
},
{
  "model": "admin.logentry",
  "pk": 56,
  "fields": {
    "action_time": "2020-09-13T01:49:21.227Z",
    "user": 1,
    "content_type": 8,
    "object_id": "28",
    "object_repr": "Kerastraight Smoothing Treatment - Medium from",
    "action_flag": 1,
    "change_message": "[{\"added\": {}}]"
  }
},
{
  "model": "admin.logentry",
  "pk": 57,
  "fields": {
    "action_time": "2020-09-13T01:50:26.539Z",
    "user": 1,
    "content_type": 8,
    "object_id": "29",
    "object_repr": "Kerastraight Smoothing Treatment - Short from",
    "action_flag": 1,
    "change_message": "[{\"added\": {}}]"
  }
},
{
  "model": "admin.logentry",
  "pk": 58,
  "fields": {
    "action_time": "2020-09-13T01:59:31.608Z",
    "user": 1,
    "content_type": 7,
    "object_id": "8",
    "object_repr": "Farrah",
    "action_flag": 1,
    "change_message": "[{\"added\": {}}]"
  }
},
{
  "model": "admin.logentry",
  "pk": 59,
  "fields": {
    "action_time": "2020-09-13T02:27:27.669Z",
    "user": 1,
    "content_type": 7,
    "object_id": "9",
    "object_repr": "Romina",
    "action_flag": 1,
    "change_message": "[{\"added\": {}}]"
  }
},
{
  "model": "admin.logentry",
  "pk": 60,
  "fields": {
    "action_time": "2020-09-13T02:33:06.986Z",
    "user": 1,
    "content_type": 7,
    "object_id": "10",
    "object_repr": "Rob",
    "action_flag": 1,
    "change_message": "[{\"added\": {}}]"
  }
},
{
  "model": "admin.logentry",
  "pk": 61,
  "fields": {
    "action_time": "2020-09-13T02:37:30.998Z",
    "user": 1,
    "content_type": 7,
    "object_id": "11",
    "object_repr": "Greta",
    "action_flag": 1,
    "change_message": "[{\"added\": {}}]"
  }
},
{
  "model": "admin.logentry",
  "pk": 62,
  "fields": {
    "action_time": "2020-09-13T02:41:02.698Z",
    "user": 1,
    "content_type": 7,
    "object_id": "12",
    "object_repr": "Rebecca",
    "action_flag": 1,
    "change_message": "[{\"added\": {}}]"
  }
},
{
  "model": "admin.logentry",
  "pk": 63,
  "fields": {
    "action_time": "2020-09-13T02:44:14.591Z",
    "user": 1,
    "content_type": 7,
    "object_id": "13",
    "object_repr": "Olivia",
    "action_flag": 1,
    "change_message": "[{\"added\": {}}]"
  }
},
{
  "model": "admin.logentry",
  "pk": 64,
  "fields": {
    "action_time": "2020-09-13T03:21:04.694Z",
    "user": 1,
    "content_type": 9,
    "object_id": "2",
    "object_repr": "Olaplex Shampoo",
    "action_flag": 2,
    "change_message": "[{\"changed\": {\"fields\": [\"Image\"]}}]"
  }
},
{
  "model": "admin.logentry",
  "pk": 65,
  "fields": {
    "action_time": "2020-09-13T03:26:54.758Z",
    "user": 1,
    "content_type": 9,
    "object_id": "2",
    "object_repr": "Olaplex Shampoo",
    "action_flag": 2,
    "change_message": "[{\"changed\": {\"fields\": [\"Image\"]}}]"
  }
},
{
  "model": "admin.logentry",
  "pk": 66,
  "fields": {
    "action_time": "2020-09-13T03:43:53.809Z",
    "user": 1,
    "content_type": 9,
    "object_id": "3",
    "object_repr": "Olaplex Conditioner",
    "action_flag": 2,
    "change_message": "[{\"changed\": {\"fields\": [\"Image\"]}}]"
  }
},
{
  "model": "admin.logentry",
  "pk": 67,
  "fields": {
    "action_time": "2020-09-13T03:46:24.574Z",
    "user": 1,
    "content_type": 9,
    "object_id": "2",
    "object_repr": "Olaplex Shampoo",
    "action_flag": 2,
    "change_message": "[{\"changed\": {\"fields\": [\"Image\"]}}]"
  }
},
{
  "model": "admin.logentry",
  "pk": 68,
  "fields": {
    "action_time": "2020-09-13T03:50:47.906Z",
    "user": 1,
    "content_type": 9,
    "object_id": "4",
    "object_repr": "Olaplex Bonding Oil",
    "action_flag": 1,
    "change_message": "[{\"added\": {}}]"
  }
},
{
  "model": "admin.logentry",
  "pk": 69,
  "fields": {
    "action_time": "2020-09-13T03:52:37.177Z",
    "user": 1,
    "content_type": 9,
    "object_id": "5",
    "object_repr": "Olaplex Bond Smoother",
    "action_flag": 1,
    "change_message": "[{\"added\": {}}]"
  }
},
{
  "model": "admin.logentry",
  "pk": 70,
  "fields": {
    "action_time": "2020-09-13T04:00:01.224Z",
    "user": 1,
    "content_type": 9,
    "object_id": "6",
    "object_repr": "Lockdown",
    "action_flag": 1,
    "change_message": "[{\"added\": {}}]"
  }
},
{
  "model": "admin.logentry",
  "pk": 71,
  "fields": {
    "action_time": "2020-09-13T04:02:09.667Z",
    "user": 1,
    "content_type": 9,
    "object_id": "7",
    "object_repr": "Root Canal",
    "action_flag": 1,
    "change_message": "[{\"added\": {}}]"
  }
},
{
  "model": "admin.logentry",
  "pk": 72,
  "fields": {
    "action_time": "2020-09-13T04:03:24.238Z",
    "user": 1,
    "content_type": 9,
    "object_id": "8",
    "object_repr": "Happy Campers",
    "action_flag": 1,
    "change_message": "[{\"added\": {}}]"
  }
},
{
  "model": "admin.logentry",
  "pk": 73,
  "fields": {
    "action_time": "2020-09-13T04:05:50.842Z",
    "user": 1,
    "content_type": 9,
    "object_id": "9",
    "object_repr": "Liquid Rollers",
    "action_flag": 1,
    "change_message": "[{\"added\": {}}]"
  }
},
{
  "model": "admin.logentry",
  "pk": 74,
  "fields": {
    "action_time": "2020-09-13T22:12:58.980Z",
    "user": 1,
    "content_type": 9,
    "object_id": "8",
    "object_repr": "Happy Campers",
    "action_flag": 2,
    "change_message": "[{\"changed\": {\"fields\": [\"Use\"]}}]"
  }
},
{
  "model": "admin.logentry",
  "pk": 75,
  "fields": {
    "action_time": "2020-09-14T14:11:59.760Z",
    "user": 1,
    "content_type": 8,
    "object_id": "2",
    "object_repr": "Men's Cut and Dry",
    "action_flag": 2,
    "change_message": "[{\"changed\": {\"fields\": [\"Info\"]}}]"
  }
},
{
  "model": "admin.logentry",
  "pk": 76,
  "fields": {
    "action_time": "2020-09-14T15:19:30.232Z",
    "user": 1,
    "content_type": 8,
    "object_id": "1",
    "object_repr": "Ladies Cut and Blowdry",
    "action_flag": 2,
    "change_message": "[{\"changed\": {\"fields\": [\"Info\"]}}]"
  }
},
{
  "model": "admin.logentry",
  "pk": 77,
  "fields": {
    "action_time": "2020-09-15T08:22:18.607Z",
    "user": 1,
    "content_type": 9,
    "object_id": "9",
    "object_repr": "Liquid Rollers",
    "action_flag": 2,
    "change_message": "[]"
  }
},
{
  "model": "admin.logentry",
  "pk": 78,
  "fields": {
    "action_time": "2020-09-15T08:22:25.601Z",
    "user": 1,
    "content_type": 9,
    "object_id": "8",
    "object_repr": "Happy Campers",
    "action_flag": 2,
    "change_message": "[]"
  }
},
{
  "model": "admin.logentry",
  "pk": 79,
  "fields": {
    "action_time": "2020-09-15T08:22:32.701Z",
    "user": 1,
    "content_type": 9,
    "object_id": "7",
    "object_repr": "Root Canal",
    "action_flag": 2,
    "change_message": "[]"
  }
},
{
  "model": "admin.logentry",
  "pk": 80,
  "fields": {
    "action_time": "2020-09-15T08:22:40.801Z",
    "user": 1,
    "content_type": 9,
    "object_id": "6",
    "object_repr": "Lockdown",
    "action_flag": 2,
    "change_message": "[{\"changed\": {\"fields\": [\"Hairtype\"]}}]"
  }
},
{
  "model": "admin.logentry",
  "pk": 81,
  "fields": {
    "action_time": "2020-09-15T08:22:48.301Z",
    "user": 1,
    "content_type": 9,
    "object_id": "5",
    "object_repr": "Olaplex Bond Smoother",
    "action_flag": 2,
    "change_message": "[{\"changed\": {\"fields\": [\"Hairtype\"]}}]"
  }
},
{
  "model": "admin.logentry",
  "pk": 82,
  "fields": {
    "action_time": "2020-09-15T08:22:54.647Z",
    "user": 1,
    "content_type": 9,
    "object_id": "4",
    "object_repr": "Olaplex Bonding Oil",
    "action_flag": 2,
    "change_message": "[{\"changed\": {\"fields\": [\"Hairtype\"]}}]"
  }
},
{
  "model": "admin.logentry",
  "pk": 83,
  "fields": {
    "action_time": "2020-09-15T08:23:00.579Z",
    "user": 1,
    "content_type": 9,
    "object_id": "3",
    "object_repr": "Olaplex Conditioner",
    "action_flag": 2,
    "change_message": "[{\"changed\": {\"fields\": [\"Hairtype\"]}}]"
  }
},
{
  "model": "admin.logentry",
  "pk": 84,
  "fields": {
    "action_time": "2020-09-15T08:23:05.380Z",
    "user": 1,
    "content_type": 9,
    "object_id": "4",
    "object_repr": "Olaplex Bonding Oil",
    "action_flag": 2,
    "change_message": "[]"
  }
},
{
  "model": "admin.logentry",
  "pk": 85,
  "fields": {
    "action_time": "2020-09-15T08:23:08.522Z",
    "user": 1,
    "content_type": 9,
    "object_id": "3",
    "object_repr": "Olaplex Conditioner",
    "action_flag": 2,
    "change_message": "[]"
  }
},
{
  "model": "admin.logentry",
  "pk": 86,
  "fields": {
    "action_time": "2020-09-15T08:23:15.323Z",
    "user": 1,
    "content_type": 9,
    "object_id": "2",
    "object_repr": "Olaplex Shampoo",
    "action_flag": 2,
    "change_message": "[{\"changed\": {\"fields\": [\"Hairtype\"]}}]"
  }
},
{
  "model": "admin.logentry",
  "pk": 87,
  "fields": {
    "action_time": "2020-09-15T12:01:37.182Z",
    "user": 1,
    "content_type": 7,
    "object_id": "13",
    "object_repr": "Olivia",
    "action_flag": 2,
    "change_message": "[{\"changed\": {\"fields\": [\"Image\"]}}]"
  }
},
{
  "model": "admin.logentry",
  "pk": 88,
  "fields": {
    "action_time": "2020-09-15T12:06:52.835Z",
    "user": 1,
    "content_type": 7,
    "object_id": "7",
    "object_repr": "Lorenzo",
    "action_flag": 2,
    "change_message": "[{\"changed\": {\"fields\": [\"Image\"]}}]"
  }
},
{
  "model": "admin.logentry",
  "pk": 89,
  "fields": {
    "action_time": "2020-09-15T12:11:31.343Z",
    "user": 1,
    "content_type": 7,
    "object_id": "13",
    "object_repr": "Olivia",
    "action_flag": 2,
    "change_message": "[{\"changed\": {\"fields\": [\"Image\"]}}]"
  }
},
{
  "model": "admin.logentry",
  "pk": 90,
  "fields": {
    "action_time": "2020-09-15T12:18:09.232Z",
    "user": 1,
    "content_type": 7,
    "object_id": "7",
    "object_repr": "Lorenzo",
    "action_flag": 2,
    "change_message": "[{\"changed\": {\"fields\": [\"Image\"]}}]"
  }
},
{
  "model": "admin.logentry",
  "pk": 91,
  "fields": {
    "action_time": "2020-09-15T12:19:19.483Z",
    "user": 1,
    "content_type": 7,
    "object_id": "7",
    "object_repr": "Lorenzo",
    "action_flag": 2,
    "change_message": "[{\"changed\": {\"fields\": [\"Image\"]}}]"
  }
},
{
  "model": "admin.logentry",
  "pk": 92,
  "fields": {
    "action_time": "2020-09-15T12:20:37.099Z",
    "user": 1,
    "content_type": 7,
    "object_id": "7",
    "object_repr": "Lorenzo",
    "action_flag": 2,
    "change_message": "[]"
  }
},
{
  "model": "admin.logentry",
  "pk": 93,
  "fields": {
    "action_time": "2020-09-15T12:22:17.751Z",
    "user": 1,
    "content_type": 7,
    "object_id": "7",
    "object_repr": "Lorenzo",
    "action_flag": 2,
    "change_message": "[]"
  }
},
{
  "model": "admin.logentry",
  "pk": 94,
  "fields": {
    "action_time": "2020-09-15T12:27:47.204Z",
    "user": 1,
    "content_type": 7,
    "object_id": "7",
    "object_repr": "Lorenzo",
    "action_flag": 2,
    "change_message": "[{\"changed\": {\"fields\": [\"Image\"]}}]"
  }
},
{
  "model": "admin.logentry",
  "pk": 95,
  "fields": {
    "action_time": "2020-09-15T12:28:43.287Z",
    "user": 1,
    "content_type": 7,
    "object_id": "4",
    "object_repr": "Christina",
    "action_flag": 2,
    "change_message": "[{\"changed\": {\"fields\": [\"Image\"]}}]"
  }
},
{
  "model": "admin.logentry",
  "pk": 96,
  "fields": {
    "action_time": "2020-09-15T12:57:01.949Z",
    "user": 1,
    "content_type": 9,
    "object_id": "10",
    "object_repr": "Shampoo",
    "action_flag": 1,
    "change_message": "[{\"added\": {}}]"
  }
},
{
  "model": "admin.logentry",
  "pk": 97,
  "fields": {
    "action_time": "2020-09-15T12:59:19.269Z",
    "user": 1,
    "content_type": 8,
    "object_id": "1",
    "object_repr": "Ladies Cut and Blowdry",
    "action_flag": 2,
    "change_message": "[{\"changed\": {\"fields\": [\"Info\"]}}]"
  }
},
{
  "model": "admin.logentry",
  "pk": 98,
  "fields": {
    "action_time": "2020-09-15T12:59:52.990Z",
    "user": 1,
    "content_type": 8,
    "object_id": "2",
    "object_repr": "Men's Cut and Dry",
    "action_flag": 2,
    "change_message": "[{\"changed\": {\"fields\": [\"Info\"]}}]"
  }
},
{
  "model": "admin.logentry",
  "pk": 99,
  "fields": {
    "action_time": "2020-09-15T13:13:16.178Z",
    "user": 1,
    "content_type": 8,
    "object_id": "3",
    "object_repr": "Long Blow Dry",
    "action_flag": 2,
    "change_message": "[{\"changed\": {\"fields\": [\"Info\"]}}]"
  }
},
{
  "model": "admin.logentry",
  "pk": 100,
  "fields": {
    "action_time": "2020-09-15T13:14:13.790Z",
    "user": 1,
    "content_type": 8,
    "object_id": "4",
    "object_repr": "Balayage with Root Colour from",
    "action_flag": 2,
    "change_message": "[{\"changed\": {\"fields\": [\"Info\"]}}]"
  }
},
{
  "model": "admin.logentry",
  "pk": 101,
  "fields": {
    "action_time": "2020-09-15T13:14:30.184Z",
    "user": 1,
    "content_type": 8,
    "object_id": "5",
    "object_repr": "Medium Blowdry",
    "action_flag": 2,
    "change_message": "[{\"changed\": {\"fields\": [\"Info\"]}}]"
  }
},
{
  "model": "admin.logentry",
  "pk": 102,
  "fields": {
    "action_time": "2020-09-15T13:14:41.467Z",
    "user": 1,
    "content_type": 8,
    "object_id": "6",
    "object_repr": "Short Blowdry",
    "action_flag": 2,
    "change_message": "[{\"changed\": {\"fields\": [\"Info\"]}}]"
  }
},
{
  "model": "admin.logentry",
  "pk": 103,
  "fields": {
    "action_time": "2020-09-15T13:15:17.372Z",
    "user": 1,
    "content_type": 8,
    "object_id": "11",
    "object_repr": "Full Head of HighLights From",
    "action_flag": 2,
    "change_message": "[{\"changed\": {\"fields\": [\"Info\"]}}]"
  }
},
{
  "model": "admin.logentry",
  "pk": 104,
  "fields": {
    "action_time": "2020-09-15T13:16:31.977Z",
    "user": 1,
    "content_type": 8,
    "object_id": "4",
    "object_repr": "Balayage with Root Colour from",
    "action_flag": 2,
    "change_message": "[{\"changed\": {\"fields\": [\"Info\"]}}]"
  }
},
{
  "model": "admin.logentry",
  "pk": 105,
  "fields": {
    "action_time": "2020-09-15T13:20:52.181Z",
    "user": 1,
    "content_type": 8,
    "object_id": "9",
    "object_repr": "Hair-Up Short",
    "action_flag": 2,
    "change_message": "[{\"changed\": {\"fields\": [\"Info\"]}}]"
  }
},
{
  "model": "admin.logentry",
  "pk": 106,
  "fields": {
    "action_time": "2020-09-15T13:20:57.267Z",
    "user": 1,
    "content_type": 8,
    "object_id": "5",
    "object_repr": "Medium Blowdry",
    "action_flag": 2,
    "change_message": "[]"
  }
},
{
  "model": "admin.logentry",
  "pk": 107,
  "fields": {
    "action_time": "2020-09-15T13:21:03.066Z",
    "user": 1,
    "content_type": 8,
    "object_id": "5",
    "object_repr": "Medium Blowdry",
    "action_flag": 2,
    "change_message": "[]"
  }
},
{
  "model": "admin.logentry",
  "pk": 108,
  "fields": {
    "action_time": "2020-09-15T13:21:15.848Z",
    "user": 1,
    "content_type": 8,
    "object_id": "7",
    "object_repr": "Hair-Up Long",
    "action_flag": 2,
    "change_message": "[{\"changed\": {\"fields\": [\"Info\"]}}]"
  }
},
{
  "model": "admin.logentry",
  "pk": 109,
  "fields": {
    "action_time": "2020-09-15T13:21:46.760Z",
    "user": 1,
    "content_type": 8,
    "object_id": "4",
    "object_repr": "Balayage with Root Colour from",
    "action_flag": 2,
    "change_message": "[]"
  }
},
{
  "model": "admin.logentry",
  "pk": 110,
  "fields": {
    "action_time": "2020-09-15T13:22:04.618Z",
    "user": 1,
    "content_type": 8,
    "object_id": "10",
    "object_repr": "Fringe Trim",
    "action_flag": 2,
    "change_message": "[{\"changed\": {\"fields\": [\"Info\"]}}]"
  }
},
{
  "model": "admin.logentry",
  "pk": 111,
  "fields": {
    "action_time": "2020-09-15T13:22:18.426Z",
    "user": 1,
    "content_type": 8,
    "object_id": "9",
    "object_repr": "Hair-Up Short",
    "action_flag": 2,
    "change_message": "[]"
  }
},
{
  "model": "admin.logentry",
  "pk": 112,
  "fields": {
    "action_time": "2020-09-15T13:22:25.451Z",
    "user": 1,
    "content_type": 8,
    "object_id": "11",
    "object_repr": "Full Head of HighLights From",
    "action_flag": 2,
    "change_message": "[]"
  }
},
{
  "model": "admin.logentry",
  "pk": 113,
  "fields": {
    "action_time": "2020-09-15T13:22:39.759Z",
    "user": 1,
    "content_type": 8,
    "object_id": "12",
    "object_repr": "Half Head of HighLights From",
    "action_flag": 2,
    "change_message": "[{\"changed\": {\"fields\": [\"Info\"]}}]"
  }
},
{
  "model": "admin.logentry",
  "pk": 114,
  "fields": {
    "action_time": "2020-09-15T13:23:12.838Z",
    "user": 1,
    "content_type": 8,
    "object_id": "13",
    "object_repr": "Parting & Hairline HighLights From",
    "action_flag": 2,
    "change_message": "[{\"changed\": {\"fields\": [\"Info\"]}}]"
  }
},
{
  "model": "admin.logentry",
  "pk": 115,
  "fields": {
    "action_time": "2020-09-15T13:23:36.024Z",
    "user": 1,
    "content_type": 8,
    "object_id": "13",
    "object_repr": "Parting & Hairline HighLights From",
    "action_flag": 2,
    "change_message": "[]"
  }
},
{
  "model": "admin.logentry",
  "pk": 116,
  "fields": {
    "action_time": "2020-09-15T13:23:54.934Z",
    "user": 1,
    "content_type": 8,
    "object_id": "14",
    "object_repr": "Balayage with Natural Root From",
    "action_flag": 2,
    "change_message": "[{\"changed\": {\"fields\": [\"Info\"]}}]"
  }
},
{
  "model": "admin.logentry",
  "pk": 117,
  "fields": {
    "action_time": "2020-09-15T13:24:05.484Z",
    "user": 1,
    "content_type": 8,
    "object_id": "13",
    "object_repr": "Parting & Hairline HighLights From",
    "action_flag": 2,
    "change_message": "[]"
  }
},
{
  "model": "admin.logentry",
  "pk": 118,
  "fields": {
    "action_time": "2020-09-15T13:24:17.965Z",
    "user": 1,
    "content_type": 8,
    "object_id": "15",
    "object_repr": "Root Bleach from",
    "action_flag": 2,
    "change_message": "[{\"changed\": {\"fields\": [\"Info\"]}}]"
  }
},
{
  "model": "admin.logentry",
  "pk": 119,
  "fields": {
    "action_time": "2020-09-15T13:24:47.239Z",
    "user": 1,
    "content_type": 8,
    "object_id": "13",
    "object_repr": "Parting & Hairline HighLights From",
    "action_flag": 2,
    "change_message": "[]"
  }
},
{
  "model": "admin.logentry",
  "pk": 120,
  "fields": {
    "action_time": "2020-09-15T13:26:02.143Z",
    "user": 1,
    "content_type": 8,
    "object_id": "15",
    "object_repr": "Root Bleach from",
    "action_flag": 2,
    "change_message": "[]"
  }
},
{
  "model": "admin.logentry",
  "pk": 121,
  "fields": {
    "action_time": "2020-09-15T13:26:12.308Z",
    "user": 1,
    "content_type": 8,
    "object_id": "16",
    "object_repr": "Full Head Bleach from",
    "action_flag": 2,
    "change_message": "[{\"changed\": {\"fields\": [\"Info\"]}}]"
  }
},
{
  "model": "admin.logentry",
  "pk": 122,
  "fields": {
    "action_time": "2020-09-15T13:26:22.035Z",
    "user": 1,
    "content_type": 8,
    "object_id": "17",
    "object_repr": "Root Tint to Ends From",
    "action_flag": 2,
    "change_message": "[{\"changed\": {\"fields\": [\"Info\"]}}]"
  }
},
{
  "model": "admin.logentry",
  "pk": 123,
  "fields": {
    "action_time": "2020-09-15T13:26:28.628Z",
    "user": 1,
    "content_type": 8,
    "object_id": "17",
    "object_repr": "Root Tint to Ends From",
    "action_flag": 2,
    "change_message": "[]"
  }
},
{
  "model": "admin.logentry",
  "pk": 124,
  "fields": {
    "action_time": "2020-09-15T13:26:34.050Z",
    "user": 1,
    "content_type": 8,
    "object_id": "18",
    "object_repr": "Root Tint to Touch Up From",
    "action_flag": 2,
    "change_message": "[{\"changed\": {\"fields\": [\"Info\"]}}]"
  }
},
{
  "model": "admin.logentry",
  "pk": 125,
  "fields": {
    "action_time": "2020-09-15T13:26:40.906Z",
    "user": 1,
    "content_type": 8,
    "object_id": "19",
    "object_repr": "Semi - Long",
    "action_flag": 2,
    "change_message": "[{\"changed\": {\"fields\": [\"Info\"]}}]"
  }
},
{
  "model": "admin.logentry",
  "pk": 126,
  "fields": {
    "action_time": "2020-09-15T13:26:47.184Z",
    "user": 1,
    "content_type": 8,
    "object_id": "20",
    "object_repr": "Semi - Medium",
    "action_flag": 2,
    "change_message": "[{\"changed\": {\"fields\": [\"Info\"]}}]"
  }
},
{
  "model": "admin.logentry",
  "pk": 127,
  "fields": {
    "action_time": "2020-09-15T13:26:52.431Z",
    "user": 1,
    "content_type": 8,
    "object_id": "21",
    "object_repr": "Semi - Short",
    "action_flag": 2,
    "change_message": "[{\"changed\": {\"fields\": [\"Info\"]}}]"
  }
},
{
  "model": "admin.logentry",
  "pk": 128,
  "fields": {
    "action_time": "2020-09-15T13:27:03.335Z",
    "user": 1,
    "content_type": 8,
    "object_id": "22",
    "object_repr": "Olaplex/Wellaplex Stand Alone -Long",
    "action_flag": 2,
    "change_message": "[{\"changed\": {\"fields\": [\"Info\"]}}]"
  }
},
{
  "model": "admin.logentry",
  "pk": 129,
  "fields": {
    "action_time": "2020-09-15T13:27:16.851Z",
    "user": 1,
    "content_type": 8,
    "object_id": "23",
    "object_repr": "Olaplex/Wellaplex Stand Alone - Medium",
    "action_flag": 2,
    "change_message": "[{\"changed\": {\"fields\": [\"Info\"]}}]"
  }
},
{
  "model": "admin.logentry",
  "pk": 130,
  "fields": {
    "action_time": "2020-09-15T13:27:21.443Z",
    "user": 1,
    "content_type": 8,
    "object_id": "26",
    "object_repr": "Nourishing Treatment - With Service Only",
    "action_flag": 2,
    "change_message": "[]"
  }
},
{
  "model": "admin.logentry",
  "pk": 131,
  "fields": {
    "action_time": "2020-09-15T13:27:30.371Z",
    "user": 1,
    "content_type": 8,
    "object_id": "25",
    "object_repr": "Olaplex Added on to Colour",
    "action_flag": 2,
    "change_message": "[{\"changed\": {\"fields\": [\"Info\"]}}]"
  }
},
{
  "model": "admin.logentry",
  "pk": 132,
  "fields": {
    "action_time": "2020-09-15T13:27:37.494Z",
    "user": 1,
    "content_type": 8,
    "object_id": "22",
    "object_repr": "Olaplex/Wellaplex Stand Alone -Long",
    "action_flag": 2,
    "change_message": "[{\"changed\": {\"fields\": [\"Info\"]}}]"
  }
},
{
  "model": "admin.logentry",
  "pk": 133,
  "fields": {
    "action_time": "2020-09-15T13:27:42.281Z",
    "user": 1,
    "content_type": 8,
    "object_id": "23",
    "object_repr": "Olaplex/Wellaplex Stand Alone - Medium",
    "action_flag": 2,
    "change_message": "[]"
  }
},
{
  "model": "admin.logentry",
  "pk": 134,
  "fields": {
    "action_time": "2020-09-15T13:27:45.309Z",
    "user": 1,
    "content_type": 8,
    "object_id": "22",
    "object_repr": "Olaplex/Wellaplex Stand Alone -Long",
    "action_flag": 2,
    "change_message": "[]"
  }
},
{
  "model": "admin.logentry",
  "pk": 135,
  "fields": {
    "action_time": "2020-09-15T13:27:52.983Z",
    "user": 1,
    "content_type": 8,
    "object_id": "24",
    "object_repr": "treatment",
    "action_flag": 2,
    "change_message": "[{\"changed\": {\"fields\": [\"Name\"]}}]"
  }
},
{
  "model": "admin.logentry",
  "pk": 136,
  "fields": {
    "action_time": "2020-09-15T13:27:58.810Z",
    "user": 1,
    "content_type": 8,
    "object_id": "26",
    "object_repr": "Nourishing Treatment - With Service Only",
    "action_flag": 2,
    "change_message": "[]"
  }
},
{
  "model": "admin.logentry",
  "pk": 137,
  "fields": {
    "action_time": "2020-09-15T13:28:07.179Z",
    "user": 1,
    "content_type": 8,
    "object_id": "26",
    "object_repr": "Nourishing Treatment - With Service Only",
    "action_flag": 2,
    "change_message": "[]"
  }
},
{
  "model": "admin.logentry",
  "pk": 138,
  "fields": {
    "action_time": "2020-09-15T13:28:40.256Z",
    "user": 1,
    "content_type": 8,
    "object_id": "24",
    "object_repr": "Olaplex/Wellaplex Stand Alone - Short",
    "action_flag": 2,
    "change_message": "[{\"changed\": {\"fields\": [\"Name\", \"Info\"]}}]"
  }
},
{
  "model": "admin.logentry",
  "pk": 139,
  "fields": {
    "action_time": "2020-09-15T13:29:39.851Z",
    "user": 1,
    "content_type": 8,
    "object_id": "27",
    "object_repr": "Kerastraight Smoothing Treatment - Long from",
    "action_flag": 2,
    "change_message": "[]"
  }
},
{
  "model": "admin.logentry",
  "pk": 140,
  "fields": {
    "action_time": "2020-09-15T13:29:45.248Z",
    "user": 1,
    "content_type": 8,
    "object_id": "28",
    "object_repr": "Kerastraight Smoothing Treatment - Medium from",
    "action_flag": 2,
    "change_message": "[]"
  }
},
{
  "model": "admin.logentry",
  "pk": 141,
  "fields": {
    "action_time": "2020-09-15T13:29:48.569Z",
    "user": 1,
    "content_type": 8,
    "object_id": "29",
    "object_repr": "Kerastraight Smoothing Treatment - Short from",
    "action_flag": 2,
    "change_message": "[]"
  }
},
{
  "model": "admin.logentry",
  "pk": 142,
  "fields": {
    "action_time": "2020-09-15T14:29:27.487Z",
    "user": 1,
    "content_type": 8,
    "object_id": "29",
    "object_repr": "Kerastraight Smoothing Treatment - Short from",
    "action_flag": 2,
    "change_message": "[]"
  }
},
{
  "model": "admin.logentry",
  "pk": 143,
  "fields": {
    "action_time": "2020-09-15T14:29:54.739Z",
    "user": 1,
    "content_type": 7,
    "object_id": "13",
    "object_repr": "Olivia",
    "action_flag": 2,
    "change_message": "[{\"changed\": {\"fields\": [\"Service\"]}}]"
  }
},
{
  "model": "admin.logentry",
  "pk": 144,
  "fields": {
    "action_time": "2020-09-15T14:30:02.559Z",
    "user": 1,
    "content_type": 7,
    "object_id": "12",
    "object_repr": "Rebecca",
    "action_flag": 2,
    "change_message": "[]"
  }
},
{
  "model": "admin.logentry",
  "pk": 145,
  "fields": {
    "action_time": "2020-09-15T14:30:08.673Z",
    "user": 1,
    "content_type": 7,
    "object_id": "11",
    "object_repr": "Greta",
    "action_flag": 2,
    "change_message": "[]"
  }
},
{
  "model": "admin.logentry",
  "pk": 146,
  "fields": {
    "action_time": "2020-09-15T14:30:31.114Z",
    "user": 1,
    "content_type": 7,
    "object_id": "10",
    "object_repr": "Rob",
    "action_flag": 2,
    "change_message": "[{\"changed\": {\"fields\": [\"Service\"]}}]"
  }
},
{
  "model": "admin.logentry",
  "pk": 147,
  "fields": {
    "action_time": "2020-09-15T14:30:37.864Z",
    "user": 1,
    "content_type": 7,
    "object_id": "9",
    "object_repr": "Romina",
    "action_flag": 2,
    "change_message": "[]"
  }
},
{
  "model": "admin.logentry",
  "pk": 148,
  "fields": {
    "action_time": "2020-09-15T14:30:49.660Z",
    "user": 1,
    "content_type": 7,
    "object_id": "8",
    "object_repr": "Farrah",
    "action_flag": 2,
    "change_message": "[]"
  }
},
{
  "model": "admin.logentry",
  "pk": 149,
  "fields": {
    "action_time": "2020-09-15T14:31:20.339Z",
    "user": 1,
    "content_type": 7,
    "object_id": "7",
    "object_repr": "Lorenzo",
    "action_flag": 2,
    "change_message": "[{\"changed\": {\"fields\": [\"Service\"]}}]"
  }
},
{
  "model": "admin.logentry",
  "pk": 150,
  "fields": {
    "action_time": "2020-09-15T14:31:52.031Z",
    "user": 1,
    "content_type": 7,
    "object_id": "6",
    "object_repr": "Will",
    "action_flag": 2,
    "change_message": "[{\"changed\": {\"fields\": [\"Service\"]}}]"
  }
},
{
  "model": "admin.logentry",
  "pk": 151,
  "fields": {
    "action_time": "2020-09-15T14:31:55.121Z",
    "user": 1,
    "content_type": 7,
    "object_id": "5",
    "object_repr": "Florence",
    "action_flag": 2,
    "change_message": "[]"
  }
},
{
  "model": "admin.logentry",
  "pk": 152,
  "fields": {
    "action_time": "2020-09-15T14:32:09.341Z",
    "user": 1,
    "content_type": 7,
    "object_id": "4",
    "object_repr": "Christina",
    "action_flag": 2,
    "change_message": "[{\"changed\": {\"fields\": [\"Service\"]}}]"
  }
},
{
  "model": "admin.logentry",
  "pk": 153,
  "fields": {
    "action_time": "2020-09-15T14:32:44.087Z",
    "user": 1,
    "content_type": 7,
    "object_id": "3",
    "object_repr": "Bec",
    "action_flag": 2,
    "change_message": "[{\"changed\": {\"fields\": [\"Service\"]}}]"
  }
},
{
  "model": "admin.logentry",
  "pk": 154,
  "fields": {
    "action_time": "2020-09-15T14:32:53.498Z",
    "user": 1,
    "content_type": 7,
    "object_id": "2",
    "object_repr": "Sarah",
    "action_flag": 2,
    "change_message": "[{\"changed\": {\"fields\": [\"Service\"]}}]"
  }
},
{
  "model": "admin.logentry",
  "pk": 155,
  "fields": {
    "action_time": "2020-09-15T14:33:00.193Z",
    "user": 1,
    "content_type": 7,
    "object_id": "1",
    "object_repr": "Stacey",
    "action_flag": 2,
    "change_message": "[{\"changed\": {\"fields\": [\"Service\"]}}]"
  }
},
{
  "model": "admin.logentry",
  "pk": 156,
  "fields": {
    "action_time": "2020-09-15T14:40:00.163Z",
    "user": 1,
    "content_type": 9,
    "object_id": "10",
    "object_repr": "Shampoo",
    "action_flag": 2,
    "change_message": "[{\"changed\": {\"fields\": [\"Image\"]}}]"
  }
},
{
  "model": "admin.logentry",
  "pk": 157,
  "fields": {
    "action_time": "2020-09-15T14:45:13.839Z",
    "user": 1,
    "content_type": 9,
    "object_id": "10",
    "object_repr": "Shampoo",
    "action_flag": 2,
    "change_message": "[{\"changed\": {\"fields\": [\"Image\"]}}]"
  }
},
{
  "model": "admin.logentry",
  "pk": 158,
  "fields": {
    "action_time": "2020-09-15T14:51:32.315Z",
    "user": 1,
    "content_type": 9,
    "object_id": "10",
    "object_repr": "Shampoo",
    "action_flag": 2,
    "change_message": "[{\"changed\": {\"fields\": [\"Image\"]}}]"
  }
},
{
  "model": "admin.logentry",
  "pk": 159,
  "fields": {
    "action_time": "2020-09-15T14:53:46.003Z",
    "user": 1,
    "content_type": 9,
    "object_id": "11",
    "object_repr": "Conditioner",
    "action_flag": 1,
    "change_message": "[{\"added\": {}}]"
  }
},
{
  "model": "admin.logentry",
  "pk": 160,
  "fields": {
    "action_time": "2020-09-15T14:53:49.587Z",
    "user": 1,
    "content_type": 9,
    "object_id": "10",
    "object_repr": "Shampoo",
    "action_flag": 2,
    "change_message": "[{\"changed\": {\"fields\": [\"Hairtype\"]}}]"
  }
},
{
  "model": "admin.logentry",
  "pk": 161,
  "fields": {
    "action_time": "2020-09-15T15:07:03.014Z",
    "user": 1,
    "content_type": 9,
    "object_id": "2",
    "object_repr": "Olaplex Shampoo",
    "action_flag": 2,
    "change_message": "[]"
  }
},
{
  "model": "admin.logentry",
  "pk": 162,
  "fields": {
    "action_time": "2020-09-15T15:07:12.055Z",
    "user": 1,
    "content_type": 9,
    "object_id": "6",
    "object_repr": "Lockdown",
    "action_flag": 2,
    "change_message": "[]"
  }
},
{
  "model": "admin.logentry",
  "pk": 163,
  "fields": {
    "action_time": "2020-09-15T15:08:27.742Z",
    "user": 1,
    "content_type": 9,
    "object_id": "12",
    "object_repr": "Dirty Deeds - Wax",
    "action_flag": 1,
    "change_message": "[{\"added\": {}}]"
  }
},
{
  "model": "admin.logentry",
  "pk": 164,
  "fields": {
    "action_time": "2020-09-15T15:14:43.607Z",
    "user": 1,
    "content_type": 9,
    "object_id": "13",
    "object_repr": "Fabuloso Toning Treatment",
    "action_flag": 1,
    "change_message": "[{\"added\": {}}]"
  }
},
{
  "model": "admin.logentry",
  "pk": 165,
  "fields": {
    "action_time": "2020-09-15T15:15:32.504Z",
    "user": 1,
    "content_type": 9,
    "object_id": "13",
    "object_repr": "Fabuloso Toning Treatment",
    "action_flag": 2,
    "change_message": "[{\"changed\": {\"fields\": [\"Image\"]}}]"
  }
},
{
  "model": "admin.logentry",
  "pk": 166,
  "fields": {
    "action_time": "2020-09-15T15:19:53.917Z",
    "user": 1,
    "content_type": 9,
    "object_id": "14",
    "object_repr": "Shebangabang",
    "action_flag": 1,
    "change_message": "[{\"added\": {}}]"
  }
},
{
  "model": "admin.logentry",
  "pk": 167,
  "fields": {
    "action_time": "2020-09-15T15:20:57.978Z",
    "user": 1,
    "content_type": 9,
    "object_id": "2",
    "object_repr": "Olaplex Shampoo",
    "action_flag": 2,
    "change_message": "[]"
  }
},
{
  "model": "admin.logentry",
  "pk": 168,
  "fields": {
    "action_time": "2020-09-15T15:21:46.801Z",
    "user": 1,
    "content_type": 9,
    "object_id": "15",
    "object_repr": "Haze Styling Powder",
    "action_flag": 1,
    "change_message": "[{\"added\": {}}]"
  }
},
{
  "model": "admin.logentry",
  "pk": 169,
  "fields": {
    "action_time": "2020-09-15T15:22:21.203Z",
    "user": 1,
    "content_type": 9,
    "object_id": "16",
    "object_repr": "Days of Grace",
    "action_flag": 1,
    "change_message": "[{\"added\": {}}]"
  }
},
{
  "model": "admin.logentry",
  "pk": 170,
  "fields": {
    "action_time": "2020-09-15T15:23:46.661Z",
    "user": 1,
    "content_type": 9,
    "object_id": "17",
    "object_repr": "Salty Dog Sea Salt Spray",
    "action_flag": 1,
    "change_message": "[{\"added\": {}}]"
  }
},
{
  "model": "admin.logentry",
  "pk": 171,
  "fields": {
    "action_time": "2020-09-15T19:19:26.871Z",
    "user": 1,
    "content_type": 9,
    "object_id": "18",
    "object_repr": "Crop Strutters",
    "action_flag": 1,
    "change_message": "[{\"added\": {}}]"
  }
},
{
  "model": "admin.logentry",
  "pk": 172,
  "fields": {
    "action_time": "2020-09-15T20:04:36.165Z",
    "user": 1,
    "content_type": 9,
    "object_id": "2",
    "object_repr": "Olaplex Shampoo",
    "action_flag": 2,
    "change_message": "[{\"changed\": {\"fields\": [\"Image\"]}}]"
  }
},
{
  "model": "admin.logentry",
  "pk": 173,
  "fields": {
    "action_time": "2020-09-15T20:05:54.228Z",
    "user": 1,
    "content_type": 9,
    "object_id": "3",
    "object_repr": "Olaplex Conditioner",
    "action_flag": 2,
    "change_message": "[{\"changed\": {\"fields\": [\"Image\"]}}]"
  }
},
{
  "model": "admin.logentry",
  "pk": 174,
  "fields": {
    "action_time": "2020-09-15T20:06:30.757Z",
    "user": 1,
    "content_type": 9,
    "object_id": "4",
    "object_repr": "Olaplex Bonding Oil",
    "action_flag": 2,
    "change_message": "[{\"changed\": {\"fields\": [\"Image\"]}}]"
  }
},
{
  "model": "admin.logentry",
  "pk": 175,
  "fields": {
    "action_time": "2020-09-15T20:06:53.621Z",
    "user": 1,
    "content_type": 9,
    "object_id": "5",
    "object_repr": "Olaplex Bond Smoother",
    "action_flag": 2,
    "change_message": "[{\"changed\": {\"fields\": [\"Image\"]}}]"
  }
},
{
  "model": "admin.logentry",
  "pk": 176,
  "fields": {
    "action_time": "2020-09-15T20:07:45.440Z",
    "user": 1,
    "content_type": 9,
    "object_id": "12",
    "object_repr": "Dirty Deeds - Wax",
    "action_flag": 2,
    "change_message": "[{\"changed\": {\"fields\": [\"Image\"]}}]"
  }
},
{
  "model": "admin.logentry",
  "pk": 177,
  "fields": {
    "action_time": "2020-09-15T20:08:15.016Z",
    "user": 1,
    "content_type": 9,
    "object_id": "10",
    "object_repr": "Rose Oil Shampoo",
    "action_flag": 2,
    "change_message": "[{\"changed\": {\"fields\": [\"Name\", \"Image\"]}}]"
  }
},
{
  "model": "admin.logentry",
  "pk": 178,
  "fields": {
    "action_time": "2020-09-15T20:08:51.449Z",
    "user": 1,
    "content_type": 9,
    "object_id": "11",
    "object_repr": "Rose Oil Conditioner",
    "action_flag": 2,
    "change_message": "[{\"changed\": {\"fields\": [\"Name\", \"Image\"]}}]"
  }
},
{
  "model": "admin.logentry",
  "pk": 179,
  "fields": {
    "action_time": "2020-09-15T20:09:16.786Z",
    "user": 1,
    "content_type": 9,
    "object_id": "10",
    "object_repr": "Rose Oil Shampoo",
    "action_flag": 2,
    "change_message": "[{\"changed\": {\"fields\": [\"Image\"]}}]"
  }
},
{
  "model": "admin.logentry",
  "pk": 180,
  "fields": {
    "action_time": "2020-09-15T20:13:18.116Z",
    "user": 1,
    "content_type": 7,
    "object_id": "7",
    "object_repr": "Lorenzo",
    "action_flag": 2,
    "change_message": "[{\"changed\": {\"fields\": [\"Image\"]}}]"
  }
},
{
  "model": "admin.logentry",
  "pk": 181,
  "fields": {
    "action_time": "2020-09-15T20:16:03.424Z",
    "user": 1,
    "content_type": 9,
    "object_id": "12",
    "object_repr": "Dirty Deeds - Wax",
    "action_flag": 2,
    "change_message": "[{\"changed\": {\"fields\": [\"Image\"]}}]"
  }
},
{
  "model": "admin.logentry",
  "pk": 182,
  "fields": {
    "action_time": "2020-09-15T21:26:50.072Z",
    "user": 1,
    "content_type": 8,
    "object_id": "29",
    "object_repr": "Kerastraight Smoothing Treatment - Short from",
    "action_flag": 2,
    "change_message": "[{\"changed\": {\"fields\": [\"Staff\"]}}]"
  }
},
{
  "model": "admin.logentry",
  "pk": 183,
  "fields": {
    "action_time": "2020-09-15T21:27:14.663Z",
    "user": 1,
    "content_type": 8,
    "object_id": "28",
    "object_repr": "Kerastraight Smoothing Treatment - Medium from",
    "action_flag": 2,
    "change_message": "[{\"changed\": {\"fields\": [\"Staff\"]}}]"
  }
},
{
  "model": "admin.logentry",
  "pk": 184,
  "fields": {
    "action_time": "2020-09-15T21:27:42.154Z",
    "user": 1,
    "content_type": 8,
    "object_id": "27",
    "object_repr": "Kerastraight Smoothing Treatment - Long from",
    "action_flag": 2,
    "change_message": "[{\"changed\": {\"fields\": [\"Staff\"]}}]"
  }
},
{
  "model": "admin.logentry",
  "pk": 185,
  "fields": {
    "action_time": "2020-09-15T21:29:59.872Z",
    "user": 1,
    "content_type": 8,
    "object_id": "27",
    "object_repr": "Kerastraight Smoothing Treatment - Long from",
    "action_flag": 2,
    "change_message": "[]"
  }
},
{
  "model": "admin.logentry",
  "pk": 186,
  "fields": {
    "action_time": "2020-09-15T21:30:13.582Z",
    "user": 1,
    "content_type": 8,
    "object_id": "26",
    "object_repr": "Nourishing Treatment - With Service Only",
    "action_flag": 2,
    "change_message": "[{\"changed\": {\"fields\": [\"Staff\"]}}]"
  }
},
{
  "model": "admin.logentry",
  "pk": 187,
  "fields": {
    "action_time": "2020-09-15T21:30:26.401Z",
    "user": 1,
    "content_type": 8,
    "object_id": "25",
    "object_repr": "Olaplex Added on to Colour",
    "action_flag": 2,
    "change_message": "[{\"changed\": {\"fields\": [\"Staff\"]}}]"
  }
},
{
  "model": "admin.logentry",
  "pk": 188,
  "fields": {
    "action_time": "2020-09-15T21:30:37.496Z",
    "user": 1,
    "content_type": 8,
    "object_id": "24",
    "object_repr": "Olaplex/Wellaplex Stand Alone - Short",
    "action_flag": 2,
    "change_message": "[{\"changed\": {\"fields\": [\"Staff\"]}}]"
  }
},
{
  "model": "admin.logentry",
  "pk": 189,
  "fields": {
    "action_time": "2020-09-15T21:30:45.818Z",
    "user": 1,
    "content_type": 8,
    "object_id": "23",
    "object_repr": "Olaplex/Wellaplex Stand Alone - Medium",
    "action_flag": 2,
    "change_message": "[{\"changed\": {\"fields\": [\"Staff\"]}}]"
  }
},
{
  "model": "admin.logentry",
  "pk": 190,
  "fields": {
    "action_time": "2020-09-15T21:30:51.435Z",
    "user": 1,
    "content_type": 8,
    "object_id": "23",
    "object_repr": "Olaplex/Wellaplex Stand Alone - Medium",
    "action_flag": 2,
    "change_message": "[]"
  }
},
{
  "model": "admin.logentry",
  "pk": 191,
  "fields": {
    "action_time": "2020-09-15T21:30:57.871Z",
    "user": 1,
    "content_type": 8,
    "object_id": "22",
    "object_repr": "Olaplex/Wellaplex Stand Alone -Long",
    "action_flag": 2,
    "change_message": "[{\"changed\": {\"fields\": [\"Staff\"]}}]"
  }
},
{
  "model": "admin.logentry",
  "pk": 192,
  "fields": {
    "action_time": "2020-09-15T21:31:01.354Z",
    "user": 1,
    "content_type": 8,
    "object_id": "22",
    "object_repr": "Olaplex/Wellaplex Stand Alone -Long",
    "action_flag": 2,
    "change_message": "[]"
  }
},
{
  "model": "admin.logentry",
  "pk": 193,
  "fields": {
    "action_time": "2020-09-15T21:31:18.330Z",
    "user": 1,
    "content_type": 8,
    "object_id": "21",
    "object_repr": "Semi - Short",
    "action_flag": 2,
    "change_message": "[{\"changed\": {\"fields\": [\"Staff\"]}}]"
  }
},
{
  "model": "admin.logentry",
  "pk": 194,
  "fields": {
    "action_time": "2020-09-15T21:31:25.777Z",
    "user": 1,
    "content_type": 8,
    "object_id": "20",
    "object_repr": "Semi - Medium",
    "action_flag": 2,
    "change_message": "[{\"changed\": {\"fields\": [\"Staff\"]}}]"
  }
},
{
  "model": "admin.logentry",
  "pk": 195,
  "fields": {
    "action_time": "2020-09-15T21:31:32.341Z",
    "user": 1,
    "content_type": 8,
    "object_id": "19",
    "object_repr": "Semi - Long",
    "action_flag": 2,
    "change_message": "[{\"changed\": {\"fields\": [\"Staff\"]}}]"
  }
},
{
  "model": "admin.logentry",
  "pk": 196,
  "fields": {
    "action_time": "2020-09-15T21:32:18.752Z",
    "user": 1,
    "content_type": 8,
    "object_id": "18",
    "object_repr": "Root Tint to Touch Up From",
    "action_flag": 2,
    "change_message": "[{\"changed\": {\"fields\": [\"Staff\"]}}]"
  }
},
{
  "model": "admin.logentry",
  "pk": 197,
  "fields": {
    "action_time": "2020-09-15T21:32:39.848Z",
    "user": 1,
    "content_type": 8,
    "object_id": "17",
    "object_repr": "Root Tint to Ends From",
    "action_flag": 2,
    "change_message": "[{\"changed\": {\"fields\": [\"Staff\"]}}]"
  }
},
{
  "model": "admin.logentry",
  "pk": 198,
  "fields": {
    "action_time": "2020-09-15T21:33:15.514Z",
    "user": 1,
    "content_type": 8,
    "object_id": "14",
    "object_repr": "Balayage with Natural Root From",
    "action_flag": 2,
    "change_message": "[{\"changed\": {\"fields\": [\"Staff\"]}}]"
  }
},
{
  "model": "admin.logentry",
  "pk": 199,
  "fields": {
    "action_time": "2020-09-15T21:33:23.488Z",
    "user": 1,
    "content_type": 8,
    "object_id": "17",
    "object_repr": "Root Tint to Ends From",
    "action_flag": 2,
    "change_message": "[]"
  }
},
{
  "model": "admin.logentry",
  "pk": 200,
  "fields": {
    "action_time": "2020-09-15T21:34:01.291Z",
    "user": 1,
    "content_type": 8,
    "object_id": "15",
    "object_repr": "Root Bleach from",
    "action_flag": 2,
    "change_message": "[{\"changed\": {\"fields\": [\"Staff\"]}}]"
  }
},
{
  "model": "admin.logentry",
  "pk": 201,
  "fields": {
    "action_time": "2020-09-15T21:34:12.161Z",
    "user": 1,
    "content_type": 8,
    "object_id": "15",
    "object_repr": "Root Bleach from",
    "action_flag": 2,
    "change_message": "[]"
  }
},
{
  "model": "admin.logentry",
  "pk": 202,
  "fields": {
    "action_time": "2020-09-15T21:35:01.048Z",
    "user": 1,
    "content_type": 8,
    "object_id": "13",
    "object_repr": "Parting & Hairline HighLights From",
    "action_flag": 2,
    "change_message": "[{\"changed\": {\"fields\": [\"Staff\"]}}]"
  }
},
{
  "model": "admin.logentry",
  "pk": 203,
  "fields": {
    "action_time": "2020-09-15T21:35:06.571Z",
    "user": 1,
    "content_type": 8,
    "object_id": "13",
    "object_repr": "Parting & Hairline HighLights From",
    "action_flag": 2,
    "change_message": "[]"
  }
},
{
  "model": "admin.logentry",
  "pk": 204,
  "fields": {
    "action_time": "2020-09-15T21:35:49.717Z",
    "user": 1,
    "content_type": 8,
    "object_id": "12",
    "object_repr": "Half Head of HighLights From",
    "action_flag": 2,
    "change_message": "[{\"changed\": {\"fields\": [\"Staff\"]}}]"
  }
},
{
  "model": "admin.logentry",
  "pk": 205,
  "fields": {
    "action_time": "2020-09-15T21:36:32.287Z",
    "user": 1,
    "content_type": 8,
    "object_id": "11",
    "object_repr": "Full Head of HighLights From",
    "action_flag": 2,
    "change_message": "[{\"changed\": {\"fields\": [\"Staff\"]}}]"
  }
},
{
  "model": "admin.logentry",
  "pk": 206,
  "fields": {
    "action_time": "2020-09-15T21:36:45.657Z",
    "user": 1,
    "content_type": 8,
    "object_id": "11",
    "object_repr": "Full Head of HighLights From",
    "action_flag": 2,
    "change_message": "[]"
  }
},
{
  "model": "admin.logentry",
  "pk": 207,
  "fields": {
    "action_time": "2020-09-15T21:37:13.024Z",
    "user": 1,
    "content_type": 8,
    "object_id": "10",
    "object_repr": "Fringe Trim",
    "action_flag": 2,
    "change_message": "[{\"changed\": {\"fields\": [\"Staff\"]}}]"
  }
},
{
  "model": "admin.logentry",
  "pk": 208,
  "fields": {
    "action_time": "2020-09-15T21:37:55.664Z",
    "user": 1,
    "content_type": 8,
    "object_id": "9",
    "object_repr": "Hair-Up Short",
    "action_flag": 2,
    "change_message": "[{\"changed\": {\"fields\": [\"Staff\"]}}]"
  }
},
{
  "model": "admin.logentry",
  "pk": 209,
  "fields": {
    "action_time": "2020-09-15T21:40:54.750Z",
    "user": 1,
    "content_type": 8,
    "object_id": "8",
    "object_repr": "Hair-Up Medium",
    "action_flag": 2,
    "change_message": "[{\"changed\": {\"fields\": [\"Staff\"]}}]"
  }
},
{
  "model": "admin.logentry",
  "pk": 210,
  "fields": {
    "action_time": "2020-09-15T21:41:18.224Z",
    "user": 1,
    "content_type": 8,
    "object_id": "5",
    "object_repr": "Medium Blowdry",
    "action_flag": 2,
    "change_message": "[{\"changed\": {\"fields\": [\"Staff\"]}}]"
  }
},
{
  "model": "admin.logentry",
  "pk": 211,
  "fields": {
    "action_time": "2020-09-15T21:41:24.791Z",
    "user": 1,
    "content_type": 8,
    "object_id": "14",
    "object_repr": "Balayage with Natural Root From",
    "action_flag": 2,
    "change_message": "[]"
  }
},
{
  "model": "admin.logentry",
  "pk": 212,
  "fields": {
    "action_time": "2020-09-15T21:41:30.186Z",
    "user": 1,
    "content_type": 8,
    "object_id": "13",
    "object_repr": "Parting & Hairline HighLights From",
    "action_flag": 2,
    "change_message": "[]"
  }
},
{
  "model": "admin.logentry",
  "pk": 213,
  "fields": {
    "action_time": "2020-09-15T21:41:35.925Z",
    "user": 1,
    "content_type": 8,
    "object_id": "12",
    "object_repr": "Half Head of HighLights From",
    "action_flag": 2,
    "change_message": "[]"
  }
},
{
  "model": "admin.logentry",
  "pk": 214,
  "fields": {
    "action_time": "2020-09-15T21:42:11.024Z",
    "user": 1,
    "content_type": 8,
    "object_id": "6",
    "object_repr": "Short Blowdry",
    "action_flag": 2,
    "change_message": "[{\"changed\": {\"fields\": [\"Staff\"]}}]"
  }
},
{
  "model": "admin.logentry",
  "pk": 215,
  "fields": {
    "action_time": "2020-09-15T21:42:27.341Z",
    "user": 1,
    "content_type": 8,
    "object_id": "5",
    "object_repr": "Medium Blowdry",
    "action_flag": 2,
    "change_message": "[{\"changed\": {\"fields\": [\"Staff\"]}}]"
  }
},
{
  "model": "admin.logentry",
  "pk": 216,
  "fields": {
    "action_time": "2020-09-15T21:42:51.466Z",
    "user": 1,
    "content_type": 8,
    "object_id": "4",
    "object_repr": "Balayage with Root Colour from",
    "action_flag": 2,
    "change_message": "[{\"changed\": {\"fields\": [\"Staff\"]}}]"
  }
},
{
  "model": "admin.logentry",
  "pk": 217,
  "fields": {
    "action_time": "2020-09-15T21:43:01.492Z",
    "user": 1,
    "content_type": 8,
    "object_id": "3",
    "object_repr": "Long Blow Dry",
    "action_flag": 2,
    "change_message": "[{\"changed\": {\"fields\": [\"Staff\"]}}]"
  }
},
{
  "model": "admin.logentry",
  "pk": 218,
  "fields": {
    "action_time": "2020-09-15T21:43:25.862Z",
    "user": 1,
    "content_type": 8,
    "object_id": "2",
    "object_repr": "Men's Cut and Dry",
    "action_flag": 2,
    "change_message": "[{\"changed\": {\"fields\": [\"Staff\"]}}]"
  }
},
{
  "model": "admin.logentry",
  "pk": 219,
  "fields": {
    "action_time": "2020-09-15T21:43:36.263Z",
    "user": 1,
    "content_type": 8,
    "object_id": "1",
    "object_repr": "Ladies Cut and Blowdry",
    "action_flag": 2,
    "change_message": "[{\"changed\": {\"fields\": [\"Staff\"]}}]"
  }
},
{
  "model": "admin.logentry",
  "pk": 220,
  "fields": {
    "action_time": "2020-09-15T21:51:42.948Z",
    "user": 1,
    "content_type": 8,
    "object_id": "17",
    "object_repr": "Root Tint to Ends From",
    "action_flag": 2,
    "change_message": "[]"
  }
},
{
  "model": "admin.logentry",
  "pk": 221,
  "fields": {
    "action_time": "2020-09-15T22:54:39.969Z",
    "user": 1,
    "content_type": 7,
    "object_id": "3",
    "object_repr": "Bec",
    "action_flag": 3,
    "change_message": ""
  }
},
{
  "model": "admin.logentry",
  "pk": 222,
  "fields": {
    "action_time": "2020-09-16T00:41:33.518Z",
    "user": 1,
    "content_type": 8,
    "object_id": "11",
    "object_repr": "Full Head of HighLights From",
    "action_flag": 2,
    "change_message": "[{\"changed\": {\"fields\": [\"Info\"]}}]"
  }
},
{
  "model": "admin.logentry",
  "pk": 223,
  "fields": {
    "action_time": "2020-09-16T00:41:43.608Z",
    "user": 1,
    "content_type": 8,
    "object_id": "12",
    "object_repr": "Half Head of HighLights From",
    "action_flag": 2,
    "change_message": "[{\"changed\": {\"fields\": [\"Info\"]}}]"
  }
},
{
  "model": "admin.logentry",
  "pk": 224,
  "fields": {
    "action_time": "2020-09-16T00:41:59.864Z",
    "user": 1,
    "content_type": 8,
    "object_id": "13",
    "object_repr": "Parting & Hairline HighLights From",
    "action_flag": 2,
    "change_message": "[{\"changed\": {\"fields\": [\"Info\"]}}]"
  }
},
{
  "model": "admin.logentry",
  "pk": 225,
  "fields": {
    "action_time": "2020-09-16T00:42:11.742Z",
    "user": 1,
    "content_type": 8,
    "object_id": "13",
    "object_repr": "Parting & Hairline HighLights From",
    "action_flag": 2,
    "change_message": "[]"
  }
},
{
  "model": "admin.logentry",
  "pk": 226,
  "fields": {
    "action_time": "2020-09-16T00:42:18.298Z",
    "user": 1,
    "content_type": 8,
    "object_id": "12",
    "object_repr": "Half Head of HighLights From",
    "action_flag": 2,
    "change_message": "[]"
  }
},
{
  "model": "admin.logentry",
  "pk": 227,
  "fields": {
    "action_time": "2020-09-16T00:42:25.510Z",
    "user": 1,
    "content_type": 8,
    "object_id": "16",
    "object_repr": "Full Head Bleach from",
    "action_flag": 2,
    "change_message": "[]"
  }
},
{
  "model": "admin.logentry",
  "pk": 228,
  "fields": {
    "action_time": "2020-09-16T00:42:37.490Z",
    "user": 1,
    "content_type": 8,
    "object_id": "12",
    "object_repr": "Half Head of HighLights From",
    "action_flag": 2,
    "change_message": "[]"
  }
},
{
  "model": "admin.logentry",
  "pk": 229,
  "fields": {
    "action_time": "2020-09-16T00:42:45.582Z",
    "user": 1,
    "content_type": 8,
    "object_id": "13",
    "object_repr": "Parting & Hairline HighLights From",
    "action_flag": 2,
    "change_message": "[]"
  }
},
{
  "model": "admin.logentry",
  "pk": 230,
  "fields": {
    "action_time": "2020-09-16T15:50:00.431Z",
    "user": 1,
    "content_type": 9,
    "object_id": "18",
    "object_repr": "Crop Strutters",
    "action_flag": 2,
    "change_message": "[]"
  }
},
{
  "model": "admin.logentry",
  "pk": 231,
  "fields": {
    "action_time": "2020-09-16T15:50:52.349Z",
    "user": 1,
    "content_type": 9,
    "object_id": "2",
    "object_repr": "Olaplex Shampoo",
    "action_flag": 2,
    "change_message": "[{\"changed\": {\"fields\": [\"Hairtype\"]}}]"
  }
},
{
  "model": "admin.logentry",
  "pk": 232,
  "fields": {
    "action_time": "2020-09-16T15:51:03.994Z",
    "user": 1,
    "content_type": 9,
    "object_id": "3",
    "object_repr": "Olaplex Conditioner",
    "action_flag": 2,
    "change_message": "[{\"changed\": {\"fields\": [\"Hairtype\"]}}]"
  }
},
{
  "model": "admin.logentry",
  "pk": 233,
  "fields": {
    "action_time": "2020-09-16T15:51:11.052Z",
    "user": 1,
    "content_type": 9,
    "object_id": "4",
    "object_repr": "Olaplex Bonding Oil",
    "action_flag": 2,
    "change_message": "[{\"changed\": {\"fields\": [\"Hairtype\"]}}]"
  }
},
{
  "model": "admin.logentry",
  "pk": 234,
  "fields": {
    "action_time": "2020-09-16T15:51:17.242Z",
    "user": 1,
    "content_type": 9,
    "object_id": "5",
    "object_repr": "Olaplex Bond Smoother",
    "action_flag": 2,
    "change_message": "[{\"changed\": {\"fields\": [\"Hairtype\"]}}]"
  }
},
{
  "model": "admin.logentry",
  "pk": 235,
  "fields": {
    "action_time": "2020-09-16T15:51:36.974Z",
    "user": 1,
    "content_type": 9,
    "object_id": "6",
    "object_repr": "Lockdown",
    "action_flag": 2,
    "change_message": "[{\"changed\": {\"fields\": [\"Hairtype\"]}}]"
  }
},
{
  "model": "admin.logentry",
  "pk": 236,
  "fields": {
    "action_time": "2020-09-16T15:52:00.094Z",
    "user": 1,
    "content_type": 9,
    "object_id": "6",
    "object_repr": "Lockdown",
    "action_flag": 2,
    "change_message": "[{\"changed\": {\"fields\": [\"Hairtype\"]}}]"
  }
},
{
  "model": "admin.logentry",
  "pk": 237,
  "fields": {
    "action_time": "2020-09-16T15:53:24.769Z",
    "user": 1,
    "content_type": 9,
    "object_id": "17",
    "object_repr": "Salty Dog Sea Salt Spray",
    "action_flag": 2,
    "change_message": "[{\"changed\": {\"fields\": [\"Hairtype\"]}}]"
  }
},
{
  "model": "admin.logentry",
  "pk": 238,
  "fields": {
    "action_time": "2020-09-16T15:54:37.412Z",
    "user": 1,
    "content_type": 9,
    "object_id": "19",
    "object_repr": "Water Killer",
    "action_flag": 1,
    "change_message": "[{\"added\": {}}]"
  }
},
{
  "model": "admin.logentry",
  "pk": 239,
  "fields": {
    "action_time": "2020-09-16T15:55:22.860Z",
    "user": 1,
    "content_type": 9,
    "object_id": "9",
    "object_repr": "Liquid Rollers",
    "action_flag": 2,
    "change_message": "[{\"changed\": {\"fields\": [\"Use\", \"Hairtype\"]}}]"
  }
},
{
  "model": "admin.logentry",
  "pk": 240,
  "fields": {
    "action_time": "2020-09-16T15:55:34.470Z",
    "user": 1,
    "content_type": 9,
    "object_id": "7",
    "object_repr": "Root Canal",
    "action_flag": 2,
    "change_message": "[{\"changed\": {\"fields\": [\"Hairtype\"]}}]"
  }
},
{
  "model": "admin.logentry",
  "pk": 241,
  "fields": {
    "action_time": "2020-09-16T15:55:57.416Z",
    "user": 1,
    "content_type": 9,
    "object_id": "8",
    "object_repr": "Happy Campers",
    "action_flag": 2,
    "change_message": "[{\"changed\": {\"fields\": [\"Hairtype\"]}}]"
  }
},
{
  "model": "admin.logentry",
  "pk": 242,
  "fields": {
    "action_time": "2020-09-16T15:57:23.636Z",
    "user": 1,
    "content_type": 9,
    "object_id": "14",
    "object_repr": "Shebangabang",
    "action_flag": 2,
    "change_message": "[]"
  }
},
{
  "model": "admin.logentry",
  "pk": 243,
  "fields": {
    "action_time": "2020-09-16T15:57:37.357Z",
    "user": 1,
    "content_type": 9,
    "object_id": "15",
    "object_repr": "Haze Styling Powder",
    "action_flag": 2,
    "change_message": "[{\"changed\": {\"fields\": [\"Hairtype\"]}}]"
  }
},
{
  "model": "admin.logentry",
  "pk": 244,
  "fields": {
    "action_time": "2020-09-16T15:58:13.435Z",
    "user": 1,
    "content_type": 9,
    "object_id": "16",
    "object_repr": "Days of Grace",
    "action_flag": 2,
    "change_message": "[]"
  }
},
{
  "model": "admin.logentry",
  "pk": 245,
  "fields": {
    "action_time": "2020-09-16T15:58:26.361Z",
    "user": 1,
    "content_type": 9,
    "object_id": "17",
    "object_repr": "Salty Dog Sea Salt Spray",
    "action_flag": 2,
    "change_message": "[]"
  }
},
{
  "model": "admin.logentry",
  "pk": 246,
  "fields": {
    "action_time": "2020-09-16T16:36:41.611Z",
    "user": 1,
    "content_type": 8,
    "object_id": "29",
    "object_repr": "Kerastraight Smoothing Treatment - Short from",
    "action_flag": 2,
    "change_message": "[{\"changed\": {\"fields\": [\"Info\"]}}]"
  }
},
{
  "model": "admin.logentry",
  "pk": 247,
  "fields": {
    "action_time": "2020-09-16T16:38:02.385Z",
    "user": 1,
    "content_type": 8,
    "object_id": "1",
    "object_repr": "Ladies Cut and Blowdry",
    "action_flag": 2,
    "change_message": "[{\"changed\": {\"fields\": [\"Info\"]}}]"
  }
},
{
  "model": "admin.logentry",
  "pk": 248,
  "fields": {
    "action_time": "2020-09-16T16:46:28.296Z",
    "user": 1,
    "content_type": 8,
    "object_id": "29",
    "object_repr": "Kerastraight Smoothing Treatment - Short from",
    "action_flag": 2,
    "change_message": "[]"
  }
},
{
  "model": "admin.logentry",
  "pk": 249,
  "fields": {
    "action_time": "2020-09-16T16:46:36.705Z",
    "user": 1,
    "content_type": 8,
    "object_id": "28",
    "object_repr": "Kerastraight Smoothing Treatment - Medium from",
    "action_flag": 2,
    "change_message": "[{\"changed\": {\"fields\": [\"Info\"]}}]"
  }
},
{
  "model": "admin.logentry",
  "pk": 250,
  "fields": {
    "action_time": "2020-09-16T16:46:41.565Z",
    "user": 1,
    "content_type": 8,
    "object_id": "27",
    "object_repr": "Kerastraight Smoothing Treatment - Long from",
    "action_flag": 2,
    "change_message": "[{\"changed\": {\"fields\": [\"Info\"]}}]"
  }
},
{
  "model": "admin.logentry",
  "pk": 251,
  "fields": {
    "action_time": "2020-09-16T16:46:52.383Z",
    "user": 1,
    "content_type": 8,
    "object_id": "26",
    "object_repr": "Nourishing Treatment - With Service Only",
    "action_flag": 2,
    "change_message": "[{\"changed\": {\"fields\": [\"Info\"]}}]"
  }
},
{
  "model": "admin.logentry",
  "pk": 252,
  "fields": {
    "action_time": "2020-09-16T16:46:58.520Z",
    "user": 1,
    "content_type": 8,
    "object_id": "25",
    "object_repr": "Olaplex Added on to Colour",
    "action_flag": 2,
    "change_message": "[{\"changed\": {\"fields\": [\"Info\"]}}]"
  }
},
{
  "model": "admin.logentry",
  "pk": 253,
  "fields": {
    "action_time": "2020-09-16T16:47:03.976Z",
    "user": 1,
    "content_type": 8,
    "object_id": "24",
    "object_repr": "Olaplex/Wellaplex Stand Alone - Short",
    "action_flag": 2,
    "change_message": "[{\"changed\": {\"fields\": [\"Info\"]}}]"
  }
},
{
  "model": "admin.logentry",
  "pk": 254,
  "fields": {
    "action_time": "2020-09-16T16:47:09.258Z",
    "user": 1,
    "content_type": 8,
    "object_id": "23",
    "object_repr": "Olaplex/Wellaplex Stand Alone - Medium",
    "action_flag": 2,
    "change_message": "[{\"changed\": {\"fields\": [\"Info\"]}}]"
  }
},
{
  "model": "admin.logentry",
  "pk": 255,
  "fields": {
    "action_time": "2020-09-16T16:47:13.574Z",
    "user": 1,
    "content_type": 8,
    "object_id": "22",
    "object_repr": "Olaplex/Wellaplex Stand Alone -Long",
    "action_flag": 2,
    "change_message": "[{\"changed\": {\"fields\": [\"Info\"]}}]"
  }
},
{
  "model": "admin.logentry",
  "pk": 256,
  "fields": {
    "action_time": "2020-09-16T16:47:20.695Z",
    "user": 1,
    "content_type": 8,
    "object_id": "21",
    "object_repr": "Semi - Short",
    "action_flag": 2,
    "change_message": "[{\"changed\": {\"fields\": [\"Info\"]}}]"
  }
},
{
  "model": "admin.logentry",
  "pk": 257,
  "fields": {
    "action_time": "2020-09-16T16:47:33.434Z",
    "user": 1,
    "content_type": 8,
    "object_id": "18",
    "object_repr": "Root Tint to Touch Up From",
    "action_flag": 2,
    "change_message": "[{\"changed\": {\"fields\": [\"Info\"]}}]"
  }
},
{
  "model": "admin.logentry",
  "pk": 258,
  "fields": {
    "action_time": "2020-09-16T16:48:16.539Z",
    "user": 1,
    "content_type": 8,
    "object_id": "21",
    "object_repr": "Semi - Short",
    "action_flag": 2,
    "change_message": "[]"
  }
},
{
  "model": "admin.logentry",
  "pk": 259,
  "fields": {
    "action_time": "2020-09-16T16:48:29.732Z",
    "user": 1,
    "content_type": 8,
    "object_id": "20",
    "object_repr": "Semi - Medium",
    "action_flag": 2,
    "change_message": "[{\"changed\": {\"fields\": [\"Info\"]}}]"
  }
},
{
  "model": "admin.logentry",
  "pk": 260,
  "fields": {
    "action_time": "2020-09-16T16:48:34.553Z",
    "user": 1,
    "content_type": 8,
    "object_id": "19",
    "object_repr": "Semi - Long",
    "action_flag": 2,
    "change_message": "[{\"changed\": {\"fields\": [\"Info\"]}}]"
  }
},
{
  "model": "admin.logentry",
  "pk": 261,
  "fields": {
    "action_time": "2020-09-16T16:48:38.761Z",
    "user": 1,
    "content_type": 8,
    "object_id": "18",
    "object_repr": "Root Tint to Touch Up From",
    "action_flag": 2,
    "change_message": "[]"
  }
},
{
  "model": "admin.logentry",
  "pk": 262,
  "fields": {
    "action_time": "2020-09-16T16:48:44.020Z",
    "user": 1,
    "content_type": 8,
    "object_id": "17",
    "object_repr": "Root Tint to Ends From",
    "action_flag": 2,
    "change_message": "[{\"changed\": {\"fields\": [\"Info\"]}}]"
  }
},
{
  "model": "admin.logentry",
  "pk": 263,
  "fields": {
    "action_time": "2020-09-16T16:48:54.793Z",
    "user": 1,
    "content_type": 8,
    "object_id": "16",
    "object_repr": "Full Head Bleach from",
    "action_flag": 2,
    "change_message": "[{\"changed\": {\"fields\": [\"Info\"]}}]"
  }
},
{
  "model": "admin.logentry",
  "pk": 264,
  "fields": {
    "action_time": "2020-09-16T16:49:01.187Z",
    "user": 1,
    "content_type": 8,
    "object_id": "15",
    "object_repr": "Root Bleach from",
    "action_flag": 2,
    "change_message": "[{\"changed\": {\"fields\": [\"Info\"]}}]"
  }
},
{
  "model": "admin.logentry",
  "pk": 265,
  "fields": {
    "action_time": "2020-09-16T16:49:10.466Z",
    "user": 1,
    "content_type": 8,
    "object_id": "14",
    "object_repr": "Balayage with Natural Root From",
    "action_flag": 2,
    "change_message": "[{\"changed\": {\"fields\": [\"Info\"]}}]"
  }
},
{
  "model": "admin.logentry",
  "pk": 266,
  "fields": {
    "action_time": "2020-09-16T16:49:21.382Z",
    "user": 1,
    "content_type": 8,
    "object_id": "13",
    "object_repr": "Parting & Hairline HighLights From",
    "action_flag": 2,
    "change_message": "[{\"changed\": {\"fields\": [\"Info\"]}}]"
  }
},
{
  "model": "admin.logentry",
  "pk": 267,
  "fields": {
    "action_time": "2020-09-16T16:49:30.097Z",
    "user": 1,
    "content_type": 8,
    "object_id": "12",
    "object_repr": "Half Head of HighLights From",
    "action_flag": 2,
    "change_message": "[{\"changed\": {\"fields\": [\"Info\"]}}]"
  }
},
{
  "model": "admin.logentry",
  "pk": 268,
  "fields": {
    "action_time": "2020-09-16T16:49:36.188Z",
    "user": 1,
    "content_type": 8,
    "object_id": "12",
    "object_repr": "Half Head of HighLights From",
    "action_flag": 2,
    "change_message": "[]"
  }
},
{
  "model": "admin.logentry",
  "pk": 269,
  "fields": {
    "action_time": "2020-09-16T16:49:43.146Z",
    "user": 1,
    "content_type": 8,
    "object_id": "11",
    "object_repr": "Full Head of HighLights From",
    "action_flag": 2,
    "change_message": "[{\"changed\": {\"fields\": [\"Info\"]}}]"
  }
},
{
  "model": "admin.logentry",
  "pk": 270,
  "fields": {
    "action_time": "2020-09-16T16:49:50.566Z",
    "user": 1,
    "content_type": 8,
    "object_id": "10",
    "object_repr": "Fringe Trim",
    "action_flag": 2,
    "change_message": "[{\"changed\": {\"fields\": [\"Info\"]}}]"
  }
},
{
  "model": "admin.logentry",
  "pk": 271,
  "fields": {
    "action_time": "2020-09-16T16:49:57.754Z",
    "user": 1,
    "content_type": 8,
    "object_id": "9",
    "object_repr": "Hair-Up Short",
    "action_flag": 2,
    "change_message": "[{\"changed\": {\"fields\": [\"Info\"]}}]"
  }
},
{
  "model": "admin.logentry",
  "pk": 272,
  "fields": {
    "action_time": "2020-09-16T16:50:05.469Z",
    "user": 1,
    "content_type": 8,
    "object_id": "9",
    "object_repr": "Hair-Up Short",
    "action_flag": 2,
    "change_message": "[]"
  }
},
{
  "model": "admin.logentry",
  "pk": 273,
  "fields": {
    "action_time": "2020-09-16T16:50:11.846Z",
    "user": 1,
    "content_type": 8,
    "object_id": "5",
    "object_repr": "Medium Blowdry",
    "action_flag": 2,
    "change_message": "[{\"changed\": {\"fields\": [\"Info\"]}}]"
  }
},
{
  "model": "admin.logentry",
  "pk": 274,
  "fields": {
    "action_time": "2020-09-16T16:50:22.878Z",
    "user": 1,
    "content_type": 8,
    "object_id": "7",
    "object_repr": "Hair-Up Long",
    "action_flag": 2,
    "change_message": "[{\"changed\": {\"fields\": [\"Info\"]}}]"
  }
},
{
  "model": "admin.logentry",
  "pk": 275,
  "fields": {
    "action_time": "2020-09-16T16:50:28.084Z",
    "user": 1,
    "content_type": 8,
    "object_id": "7",
    "object_repr": "Hair-Up Long",
    "action_flag": 2,
    "change_message": "[]"
  }
},
{
  "model": "admin.logentry",
  "pk": 276,
  "fields": {
    "action_time": "2020-09-16T16:50:36.472Z",
    "user": 1,
    "content_type": 8,
    "object_id": "4",
    "object_repr": "Balayage with Root Colour from",
    "action_flag": 2,
    "change_message": "[{\"changed\": {\"fields\": [\"Info\"]}}]"
  }
},
{
  "model": "admin.logentry",
  "pk": 277,
  "fields": {
    "action_time": "2020-09-16T16:50:44.269Z",
    "user": 1,
    "content_type": 8,
    "object_id": "3",
    "object_repr": "Long Blow Dry",
    "action_flag": 2,
    "change_message": "[{\"changed\": {\"fields\": [\"Info\"]}}]"
  }
},
{
  "model": "admin.logentry",
  "pk": 278,
  "fields": {
    "action_time": "2020-09-16T16:50:52.489Z",
    "user": 1,
    "content_type": 8,
    "object_id": "2",
    "object_repr": "Men's Cut and Dry",
    "action_flag": 2,
    "change_message": "[{\"changed\": {\"fields\": [\"Info\"]}}]"
  }
},
{
  "model": "admin.logentry",
  "pk": 279,
  "fields": {
    "action_time": "2020-09-16T16:50:56.140Z",
    "user": 1,
    "content_type": 8,
    "object_id": "1",
    "object_repr": "Ladies Cut and Blowdry",
    "action_flag": 2,
    "change_message": "[]"
  }
},
{
  "model": "admin.logentry",
  "pk": 280,
  "fields": {
    "action_time": "2020-09-16T16:56:51.789Z",
    "user": 1,
    "content_type": 8,
    "object_id": "6",
    "object_repr": "Short Blowdry",
    "action_flag": 2,
    "change_message": "[{\"changed\": {\"fields\": [\"Info\"]}}]"
  }
},
{
  "model": "admin.logentry",
  "pk": 281,
  "fields": {
    "action_time": "2020-09-16T22:28:03.862Z",
    "user": 1,
    "content_type": 9,
    "object_id": "18",
    "object_repr": "Crop Strutters",
    "action_flag": 2,
    "change_message": "[{\"changed\": {\"fields\": [\"Use\"]}}]"
  }
},
{
  "model": "admin.logentry",
  "pk": 282,
  "fields": {
    "action_time": "2020-09-17T07:01:19.790Z",
    "user": 1,
    "content_type": 9,
    "object_id": "18",
    "object_repr": "Crop Strutters",
    "action_flag": 2,
    "change_message": "[{\"changed\": {\"fields\": [\"Use\"]}}]"
  }
},
{
  "model": "admin.logentry",
  "pk": 283,
  "fields": {
    "action_time": "2020-09-17T07:02:06.274Z",
    "user": 1,
    "content_type": 9,
    "object_id": "18",
    "object_repr": "Crop Strutters",
    "action_flag": 2,
    "change_message": "[{\"changed\": {\"fields\": [\"Use\"]}}]"
  }
},
{
  "model": "admin.logentry",
  "pk": 284,
  "fields": {
    "action_time": "2020-09-17T07:05:49.111Z",
    "user": 1,
    "content_type": 9,
    "object_id": "19",
    "object_repr": "Water Killer",
    "action_flag": 2,
    "change_message": "[{\"changed\": {\"fields\": [\"Use\"]}}]"
  }
},
{
  "model": "admin.logentry",
  "pk": 285,
  "fields": {
    "action_time": "2020-09-17T07:07:25.223Z",
    "user": 1,
    "content_type": 9,
    "object_id": "17",
    "object_repr": "Salty Dog Sea Salt Spray",
    "action_flag": 2,
    "change_message": "[{\"changed\": {\"fields\": [\"Use\"]}}]"
  }
},
{
  "model": "admin.logentry",
  "pk": 286,
  "fields": {
    "action_time": "2020-09-17T07:08:03.856Z",
    "user": 1,
    "content_type": 9,
    "object_id": "17",
    "object_repr": "Salty Dog Sea Salt Spray",
    "action_flag": 2,
    "change_message": "[{\"changed\": {\"fields\": [\"Use\"]}}]"
  }
},
{
  "model": "admin.logentry",
  "pk": 287,
  "fields": {
    "action_time": "2020-09-17T07:09:59.494Z",
    "user": 1,
    "content_type": 9,
    "object_id": "16",
    "object_repr": "Days of Grace",
    "action_flag": 2,
    "change_message": "[{\"changed\": {\"fields\": [\"Use\"]}}]"
  }
},
{
  "model": "admin.logentry",
  "pk": 288,
  "fields": {
    "action_time": "2020-09-17T07:12:03.497Z",
    "user": 1,
    "content_type": 9,
    "object_id": "15",
    "object_repr": "Haze Styling Powder",
    "action_flag": 2,
    "change_message": "[{\"changed\": {\"fields\": [\"Use\"]}}]"
  }
},
{
  "model": "admin.logentry",
  "pk": 289,
  "fields": {
    "action_time": "2020-09-17T07:14:04.163Z",
    "user": 1,
    "content_type": 9,
    "object_id": "14",
    "object_repr": "Shebangabang",
    "action_flag": 2,
    "change_message": "[{\"changed\": {\"fields\": [\"Use\"]}}]"
  }
},
{
  "model": "admin.logentry",
  "pk": 290,
  "fields": {
    "action_time": "2020-09-17T07:16:40.409Z",
    "user": 1,
    "content_type": 9,
    "object_id": "13",
    "object_repr": "Fabuloso Toning Treatment",
    "action_flag": 2,
    "change_message": "[{\"changed\": {\"fields\": [\"Use\"]}}]"
  }
},
{
  "model": "admin.logentry",
  "pk": 291,
  "fields": {
    "action_time": "2020-09-17T07:18:30.913Z",
    "user": 1,
    "content_type": 9,
    "object_id": "9",
    "object_repr": "Liquid Rollers",
    "action_flag": 2,
    "change_message": "[{\"changed\": {\"fields\": [\"Use\"]}}]"
  }
},
{
  "model": "admin.logentry",
  "pk": 292,
  "fields": {
    "action_time": "2020-09-17T07:19:31.421Z",
    "user": 1,
    "content_type": 9,
    "object_id": "8",
    "object_repr": "Happy Campers",
    "action_flag": 2,
    "change_message": "[{\"changed\": {\"fields\": [\"Use\"]}}]"
  }
},
{
  "model": "admin.logentry",
  "pk": 293,
  "fields": {
    "action_time": "2020-09-17T07:20:32.761Z",
    "user": 1,
    "content_type": 9,
    "object_id": "7",
    "object_repr": "Root Canal",
    "action_flag": 2,
    "change_message": "[{\"changed\": {\"fields\": [\"Use\"]}}]"
  }
},
{
  "model": "admin.logentry",
  "pk": 294,
  "fields": {
    "action_time": "2020-09-17T07:26:14.511Z",
    "user": 1,
    "content_type": 9,
    "object_id": "6",
    "object_repr": "Lockdown",
    "action_flag": 2,
    "change_message": "[{\"changed\": {\"fields\": [\"Use\", \"Hairtype\"]}}]"
  }
},
{
  "model": "admin.logentry",
  "pk": 295,
  "fields": {
    "action_time": "2020-09-17T07:29:22.677Z",
    "user": 1,
    "content_type": 9,
    "object_id": "2",
    "object_repr": "Olaplex Shampoo",
    "action_flag": 2,
    "change_message": "[{\"changed\": {\"fields\": [\"Use\", \"Hairtype\"]}}]"
  }
},
{
  "model": "admin.logentry",
  "pk": 296,
  "fields": {
    "action_time": "2020-09-17T07:30:07.446Z",
    "user": 1,
    "content_type": 9,
    "object_id": "3",
    "object_repr": "Olaplex Conditioner",
    "action_flag": 2,
    "change_message": "[{\"changed\": {\"fields\": [\"Use\", \"Hairtype\"]}}]"
  }
},
{
  "model": "admin.logentry",
  "pk": 297,
  "fields": {
    "action_time": "2020-09-17T07:30:52.936Z",
    "user": 1,
    "content_type": 9,
    "object_id": "5",
    "object_repr": "Olaplex Bond Smoother",
    "action_flag": 2,
    "change_message": "[{\"changed\": {\"fields\": [\"Use\", \"Hairtype\"]}}]"
  }
},
{
  "model": "admin.logentry",
  "pk": 298,
  "fields": {
    "action_time": "2020-09-17T07:31:38.207Z",
    "user": 1,
    "content_type": 9,
    "object_id": "4",
    "object_repr": "Olaplex Bonding Oil",
    "action_flag": 2,
    "change_message": "[{\"changed\": {\"fields\": [\"Use\", \"Hairtype\"]}}]"
  }
},
{
  "model": "admin.logentry",
  "pk": 299,
  "fields": {
    "action_time": "2020-09-17T07:32:48.087Z",
    "user": 1,
    "content_type": 9,
    "object_id": "10",
    "object_repr": "Rose Oil Shampoo",
    "action_flag": 2,
    "change_message": "[{\"changed\": {\"fields\": [\"Use\"]}}]"
  }
},
{
  "model": "admin.logentry",
  "pk": 300,
  "fields": {
    "action_time": "2020-09-17T07:33:03.979Z",
    "user": 1,
    "content_type": 9,
    "object_id": "11",
    "object_repr": "Rose Oil Conditioner",
    "action_flag": 2,
    "change_message": "[{\"changed\": {\"fields\": [\"Use\"]}}]"
  }
},
{
  "model": "admin.logentry",
  "pk": 301,
  "fields": {
    "action_time": "2020-09-17T07:34:24.017Z",
    "user": 1,
    "content_type": 9,
    "object_id": "12",
    "object_repr": "Dirty Deeds - Wax",
    "action_flag": 2,
    "change_message": "[{\"changed\": {\"fields\": [\"Use\"]}}]"
  }
},
{
  "model": "admin.logentry",
  "pk": 302,
  "fields": {
    "action_time": "2020-09-17T07:39:08.780Z",
    "user": 1,
    "content_type": 9,
    "object_id": "20",
    "object_repr": "No.3 Hair Perfector",
    "action_flag": 1,
    "change_message": "[{\"added\": {}}]"
  }
},
{
  "model": "admin.logentry",
  "pk": 303,
  "fields": {
    "action_time": "2020-09-17T07:42:23.667Z",
    "user": 1,
    "content_type": 7,
    "object_id": "14",
    "object_repr": "Bec",
    "action_flag": 1,
    "change_message": "[{\"added\": {}}]"
  }
},
{
  "model": "admin.logentry",
  "pk": 304,
  "fields": {
    "action_time": "2020-09-17T07:46:17.473Z",
    "user": 1,
    "content_type": 7,
    "object_id": "14",
    "object_repr": "Bec",
    "action_flag": 2,
    "change_message": "[{\"changed\": {\"fields\": [\"Image\"]}}]"
  }
},
{
  "model": "admin.logentry",
  "pk": 305,
  "fields": {
    "action_time": "2020-09-17T07:54:09.524Z",
    "user": 1,
    "content_type": 7,
    "object_id": "14",
    "object_repr": "Bec",
    "action_flag": 2,
    "change_message": "[{\"changed\": {\"fields\": [\"Image\"]}}]"
  }
},
{
  "model": "admin.logentry",
  "pk": 306,
  "fields": {
    "action_time": "2020-09-17T07:57:27.726Z",
    "user": 1,
    "content_type": 7,
    "object_id": "15",
    "object_repr": "Cecilia",
    "action_flag": 1,
    "change_message": "[{\"added\": {}}]"
  }
},
{
  "model": "admin.logentry",
  "pk": 307,
  "fields": {
    "action_time": "2020-09-17T07:59:39.550Z",
    "user": 1,
    "content_type": 7,
    "object_id": "14",
    "object_repr": "Bec",
    "action_flag": 2,
    "change_message": "[{\"changed\": {\"fields\": [\"Bio\", \"Favcut\", \"Service\"]}}]"
  }
},
{
  "model": "admin.logentry",
  "pk": 308,
  "fields": {
    "action_time": "2020-09-17T08:03:46.337Z",
    "user": 1,
    "content_type": 7,
    "object_id": "14",
    "object_repr": "Bec",
    "action_flag": 2,
    "change_message": "[{\"changed\": {\"fields\": [\"Image\"]}}]"
  }
},
{
  "model": "admin.logentry",
  "pk": 309,
  "fields": {
    "action_time": "2020-09-17T08:05:35.751Z",
    "user": 1,
    "content_type": 7,
    "object_id": "14",
    "object_repr": "Bec",
    "action_flag": 2,
    "change_message": "[{\"changed\": {\"fields\": [\"Image\"]}}]"
  }
},
{
  "model": "admin.logentry",
  "pk": 310,
  "fields": {
    "action_time": "2020-09-17T08:07:28.074Z",
    "user": 1,
    "content_type": 7,
    "object_id": "14",
    "object_repr": "Bec",
    "action_flag": 2,
    "change_message": "[{\"changed\": {\"fields\": [\"Image\"]}}]"
  }
},
{
  "model": "admin.logentry",
  "pk": 311,
  "fields": {
    "action_time": "2020-09-17T08:10:09.819Z",
    "user": 1,
    "content_type": 7,
    "object_id": "14",
    "object_repr": "Bec",
    "action_flag": 2,
    "change_message": "[{\"changed\": {\"fields\": [\"Image\"]}}]"
  }
},
{
  "model": "admin.logentry",
  "pk": 312,
  "fields": {
    "action_time": "2020-09-17T08:11:57.352Z",
    "user": 1,
    "content_type": 7,
    "object_id": "14",
    "object_repr": "Bec",
    "action_flag": 2,
    "change_message": "[{\"changed\": {\"fields\": [\"Image\"]}}]"
  }
},
{
  "model": "admin.logentry",
  "pk": 313,
  "fields": {
    "action_time": "2020-09-17T08:13:11.726Z",
    "user": 1,
    "content_type": 7,
    "object_id": "14",
    "object_repr": "Bec",
    "action_flag": 2,
    "change_message": "[{\"changed\": {\"fields\": [\"Image\"]}}]"
  }
},
{
  "model": "admin.logentry",
  "pk": 314,
  "fields": {
    "action_time": "2020-09-17T08:14:23.485Z",
    "user": 1,
    "content_type": 7,
    "object_id": "14",
    "object_repr": "Bec",
    "action_flag": 2,
    "change_message": "[{\"changed\": {\"fields\": [\"Image\"]}}]"
  }
},
{
  "model": "admin.logentry",
  "pk": 315,
  "fields": {
    "action_time": "2020-09-17T11:17:08.569Z",
    "user": 1,
    "content_type": 9,
    "object_id": "21",
    "object_repr": "The Great Hydrator",
    "action_flag": 1,
    "change_message": "[{\"added\": {}}]"
  }
},
{
  "model": "admin.logentry",
  "pk": 316,
  "fields": {
    "action_time": "2020-09-17T11:19:39.840Z",
    "user": 1,
    "content_type": 9,
    "object_id": "22",
    "object_repr": "Shape Vixen",
    "action_flag": 1,
    "change_message": "[{\"added\": {}}]"
  }
},
{
  "model": "admin.logentry",
  "pk": 317,
  "fields": {
    "action_time": "2020-09-17T11:23:49.787Z",
    "user": 1,
    "content_type": 9,
    "object_id": "23",
    "object_repr": "Macgyver",
    "action_flag": 1,
    "change_message": "[{\"added\": {}}]"
  }
},
{
  "model": "admin.logentry",
  "pk": 318,
  "fields": {
    "action_time": "2020-09-17T11:28:23.125Z",
    "user": 1,
    "content_type": 9,
    "object_id": "24",
    "object_repr": "Miss Malleable",
    "action_flag": 1,
    "change_message": "[{\"added\": {}}]"
  }
},
{
  "model": "admin.logentry",
  "pk": 319,
  "fields": {
    "action_time": "2020-09-17T11:56:15.405Z",
    "user": 1,
    "content_type": 7,
    "object_id": "16",
    "object_repr": "Cam",
    "action_flag": 1,
    "change_message": "[{\"added\": {}}]"
  }
},
{
  "model": "admin.logentry",
  "pk": 320,
  "fields": {
    "action_time": "2020-09-17T11:58:48.915Z",
    "user": 1,
    "content_type": 7,
    "object_id": "14",
    "object_repr": "Bec",
    "action_flag": 2,
    "change_message": "[{\"changed\": {\"fields\": [\"Image\"]}}]"
  }
},
{
  "model": "admin.logentry",
  "pk": 321,
  "fields": {
    "action_time": "2020-09-17T12:09:38.105Z",
    "user": 1,
    "content_type": 7,
    "object_id": "14",
    "object_repr": "Bec",
    "action_flag": 2,
    "change_message": "[{\"changed\": {\"fields\": [\"Role\"]}}]"
  }
},
{
  "model": "admin.logentry",
  "pk": 322,
  "fields": {
    "action_time": "2020-09-17T14:04:20.788Z",
    "user": 1,
    "content_type": 7,
    "object_id": "14",
    "object_repr": "Bec",
    "action_flag": 2,
    "change_message": "[{\"changed\": {\"fields\": [\"Image\"]}}]"
  }
},
{
  "model": "auth.permission",
  "pk": 1,
  "fields": {
    "name": "Can add log entry",
    "content_type": 1,
    "codename": "add_logentry"
  }
},
{
  "model": "auth.permission",
  "pk": 2,
  "fields": {
    "name": "Can change log entry",
    "content_type": 1,
    "codename": "change_logentry"
  }
},
{
  "model": "auth.permission",
  "pk": 3,
  "fields": {
    "name": "Can delete log entry",
    "content_type": 1,
    "codename": "delete_logentry"
  }
},
{
  "model": "auth.permission",
  "pk": 4,
  "fields": {
    "name": "Can view log entry",
    "content_type": 1,
    "codename": "view_logentry"
  }
},
{
  "model": "auth.permission",
  "pk": 5,
  "fields": {
    "name": "Can add permission",
    "content_type": 2,
    "codename": "add_permission"
  }
},
{
  "model": "auth.permission",
  "pk": 6,
  "fields": {
    "name": "Can change permission",
    "content_type": 2,
    "codename": "change_permission"
  }
},
{
  "model": "auth.permission",
  "pk": 7,
  "fields": {
    "name": "Can delete permission",
    "content_type": 2,
    "codename": "delete_permission"
  }
},
{
  "model": "auth.permission",
  "pk": 8,
  "fields": {
    "name": "Can view permission",
    "content_type": 2,
    "codename": "view_permission"
  }
},
{
  "model": "auth.permission",
  "pk": 9,
  "fields": {
    "name": "Can add group",
    "content_type": 3,
    "codename": "add_group"
  }
},
{
  "model": "auth.permission",
  "pk": 10,
  "fields": {
    "name": "Can change group",
    "content_type": 3,
    "codename": "change_group"
  }
},
{
  "model": "auth.permission",
  "pk": 11,
  "fields": {
    "name": "Can delete group",
    "content_type": 3,
    "codename": "delete_group"
  }
},
{
  "model": "auth.permission",
  "pk": 12,
  "fields": {
    "name": "Can view group",
    "content_type": 3,
    "codename": "view_group"
  }
},
{
  "model": "auth.permission",
  "pk": 13,
  "fields": {
    "name": "Can add user",
    "content_type": 4,
    "codename": "add_user"
  }
},
{
  "model": "auth.permission",
  "pk": 14,
  "fields": {
    "name": "Can change user",
    "content_type": 4,
    "codename": "change_user"
  }
},
{
  "model": "auth.permission",
  "pk": 15,
  "fields": {
    "name": "Can delete user",
    "content_type": 4,
    "codename": "delete_user"
  }
},
{
  "model": "auth.permission",
  "pk": 16,
  "fields": {
    "name": "Can view user",
    "content_type": 4,
    "codename": "view_user"
  }
},
{
  "model": "auth.permission",
  "pk": 17,
  "fields": {
    "name": "Can add content type",
    "content_type": 5,
    "codename": "add_contenttype"
  }
},
{
  "model": "auth.permission",
  "pk": 18,
  "fields": {
    "name": "Can change content type",
    "content_type": 5,
    "codename": "change_contenttype"
  }
},
{
  "model": "auth.permission",
  "pk": 19,
  "fields": {
    "name": "Can delete content type",
    "content_type": 5,
    "codename": "delete_contenttype"
  }
},
{
  "model": "auth.permission",
  "pk": 20,
  "fields": {
    "name": "Can view content type",
    "content_type": 5,
    "codename": "view_contenttype"
  }
},
{
  "model": "auth.permission",
  "pk": 21,
  "fields": {
    "name": "Can add session",
    "content_type": 6,
    "codename": "add_session"
  }
},
{
  "model": "auth.permission",
  "pk": 22,
  "fields": {
    "name": "Can change session",
    "content_type": 6,
    "codename": "change_session"
  }
},
{
  "model": "auth.permission",
  "pk": 23,
  "fields": {
    "name": "Can delete session",
    "content_type": 6,
    "codename": "delete_session"
  }
},
{
  "model": "auth.permission",
  "pk": 24,
  "fields": {
    "name": "Can view session",
    "content_type": 6,
    "codename": "view_session"
  }
},
{
  "model": "auth.permission",
  "pk": 25,
  "fields": {
    "name": "Can add staff",
    "content_type": 7,
    "codename": "add_staff"
  }
},
{
  "model": "auth.permission",
  "pk": 26,
  "fields": {
    "name": "Can change staff",
    "content_type": 7,
    "codename": "change_staff"
  }
},
{
  "model": "auth.permission",
  "pk": 27,
  "fields": {
    "name": "Can delete staff",
    "content_type": 7,
    "codename": "delete_staff"
  }
},
{
  "model": "auth.permission",
  "pk": 28,
  "fields": {
    "name": "Can view staff",
    "content_type": 7,
    "codename": "view_staff"
  }
},
{
  "model": "auth.permission",
  "pk": 29,
  "fields": {
    "name": "Can add service",
    "content_type": 8,
    "codename": "add_service"
  }
},
{
  "model": "auth.permission",
  "pk": 30,
  "fields": {
    "name": "Can change service",
    "content_type": 8,
    "codename": "change_service"
  }
},
{
  "model": "auth.permission",
  "pk": 31,
  "fields": {
    "name": "Can delete service",
    "content_type": 8,
    "codename": "delete_service"
  }
},
{
  "model": "auth.permission",
  "pk": 32,
  "fields": {
    "name": "Can view service",
    "content_type": 8,
    "codename": "view_service"
  }
},
{
  "model": "auth.permission",
  "pk": 33,
  "fields": {
    "name": "Can add product",
    "content_type": 9,
    "codename": "add_product"
  }
},
{
  "model": "auth.permission",
  "pk": 34,
  "fields": {
    "name": "Can change product",
    "content_type": 9,
    "codename": "change_product"
  }
},
{
  "model": "auth.permission",
  "pk": 35,
  "fields": {
    "name": "Can delete product",
    "content_type": 9,
    "codename": "delete_product"
  }
},
{
  "model": "auth.permission",
  "pk": 36,
  "fields": {
    "name": "Can view product",
    "content_type": 9,
    "codename": "view_product"
  }
},
{
  "model": "auth.user",
  "pk": 1,
  "fields": {
    "password": "pbkdf2_sha256$216000$8vzKnyvMEqt0$Vu4bazxm6F97OKYbJthpEEjsSDNif4qiHLvmKCUC2B0=",
    "last_login": "2020-09-22T20:25:38.979Z",
    "is_superuser": true,
    "username": "becsun",
    "first_name": "",
    "last_name": "",
    "email": "becsun@icloud.com",
    "is_staff": true,
    "is_active": true,
    "date_joined": "2020-09-10T19:25:59.153Z",
    "groups": [],
    "user_permissions": []
  }
},
{
  "model": "contenttypes.contenttype",
  "pk": 1,
  "fields": {
    "app_label": "admin",
    "model": "logentry"
  }
},
{
  "model": "contenttypes.contenttype",
  "pk": 2,
  "fields": {
    "app_label": "auth",
    "model": "permission"
  }
},
{
  "model": "contenttypes.contenttype",
  "pk": 3,
  "fields": {
    "app_label": "auth",
    "model": "group"
  }
},
{
  "model": "contenttypes.contenttype",
  "pk": 4,
  "fields": {
    "app_label": "auth",
    "model": "user"
  }
},
{
  "model": "contenttypes.contenttype",
  "pk": 5,
  "fields": {
    "app_label": "contenttypes",
    "model": "contenttype"
  }
},
{
  "model": "contenttypes.contenttype",
  "pk": 6,
  "fields": {
    "app_label": "sessions",
    "model": "session"
  }
},
{
  "model": "contenttypes.contenttype",
  "pk": 7,
  "fields": {
    "app_label": "staff",
    "model": "staff"
  }
},
{
  "model": "contenttypes.contenttype",
  "pk": 8,
  "fields": {
    "app_label": "service",
    "model": "service"
  }
},
{
  "model": "contenttypes.contenttype",
  "pk": 9,
  "fields": {
    "app_label": "product",
    "model": "product"
  }
},
{
  "model": "sessions.session",
  "pk": "cfacj75frvpxlabgo7m4pzppre42tr4s",
  "fields": {
    "session_data": ".eJxVjEEOwiAQRe_C2hDQwoBL956hGWYYqRpISrsy3l2bdKHb_977LzXiupRx7XkeJ1ZnZdXhd0tIj1w3wHest6ap1WWekt4UvdOur43z87K7fwcFe_nWKETiGCCSO0X27NF6K4nIBGBxLgqACUnAWRRvwZtg6IiRmYYhRfX-AAe2OHw:1kKor4:-7VGxewjsQe-lBxduHfHxL3srEiwS2U4L0oghbQMcus",
    "expire_date": "2020-10-06T20:25:38.985Z"
  }
},
{
  "model": "staff.staff",
  "pk": 1,
  "fields": {
    "name": "Stacey",
    "role": "Master Colourist",
    "bio": "Having worked in salons all over the world from Ireland to Australia, Stacey has been with us for over 3 and a half years, with over 10 years of colour and styling experience. Having completed her masters in colour for Wella she is confident in all aspects of colour. Instagram - @staceyhairstyles",
    "image": "https://res.cloudinary.com/do68wjft3/image/upload/v1599821964/WhatsApp_Image_2020-09-10_at_17.53.31_hjgi3k.jpg",
    "favcut": "Classic Mens Cut",
    "service": [
      21,
      20,
      19,
      18,
      17,
      16,
      15,
      14,
      13,
      12,
      11,
      10,
      9,
      5,
      7,
      4,
      3,
      2,
      1,
      6,
      8,
      29,
      28,
      27,
      26,
      25,
      24,
      23,
      22
    ]
  }
},
{
  "model": "staff.staff",
  "pk": 2,
  "fields": {
    "name": "Sarah",
    "role": "Senior Stylist",
    "bio": "Sarah has been with us for almost 3 years, with 12 years of experience. Confident in a variety of different colour techniques from balayage to all over colours. Sarah is also qualified in hair extensions.",
    "image": "https://res.cloudinary.com/do68wjft3/image/upload/v1599821943/WhatsApp_Image_2020-09-10_at_17.53.50_o7oczz.jpg",
    "favcut": "One Length and layers",
    "service": [
      21,
      20,
      19,
      18,
      17,
      16,
      15,
      14,
      13,
      12,
      11,
      10,
      9,
      5,
      7,
      4,
      3,
      2,
      1,
      6,
      8,
      29,
      28,
      27,
      26,
      25,
      24,
      23,
      22
    ]
  }
},
{
  "model": "staff.staff",
  "pk": 4,
  "fields": {
    "name": "Christina",
    "role": "Manager",
    "bio": "Our Salon manager Christina has been with us for over 1 and a half years, with over 11 years shop floor experience, all the way from the south of Greece to London. Confident in both womens and mens hair, with qualifications from Wahl training courses. She enjoys all aspects of cutting and is a perfectionist when it comes to blow drying and styling. Christina is also qualified in hair extensions, including micro rings, nano rings, bonded glue and tape.",
    "image": "https://res.cloudinary.com/do68wjft3/image/upload/v1599936441/WhatsApp_Image_2020-09-11_at_18.11.57_ti6txg.jpg",
    "favcut": "Pixie Cut",
    "service": [
      6,
      1,
      2,
      3,
      4,
      5,
      7,
      8,
      9,
      10,
      11,
      12,
      13,
      14,
      15,
      16,
      17,
      18,
      19,
      20,
      21,
      22,
      23,
      24,
      25,
      26
    ]
  }
},
{
  "model": "staff.staff",
  "pk": 5,
  "fields": {
    "name": "Florence",
    "role": "Barber and stylist",
    "bio": "Qualified in Barbering NVQ Level 2 from London school of barbering and Hairdressing VTCT Level 2, Florence is new to the team with over 5 years of floor experience. Confident in mens and womens cuts. Florence is also qualified in hair extensions including, rings and tapes.",
    "image": "https://res.cloudinary.com/do68wjft3/image/upload/v1599936448/WhatsApp_Image_2020-09-11_at_18.11.56_viu35y.jpg",
    "favcut": "Mullet and Pixie cut",
    "service": [
      10,
      5,
      3,
      2,
      1,
      6
    ]
  }
},
{
  "model": "staff.staff",
  "pk": 6,
  "fields": {
    "name": "Will",
    "role": "Senior Stylist",
    "bio": "With an impressive 21 years experience in hairdressing, Will has been part of the team for almost 2 years. Having previously come 3rd in the Loreal Colour trophy, Will is highly trained in all aspects of colour services. He is most popular amongst clients with his balayage and attention to detail on short cuts. Specialises in  Foils, Balayage and Short cuts.",
    "image": "https://res.cloudinary.com/do68wjft3/image/upload/v1599936438/WhatsApp_Image_2020-09-11_at_18.11.57_1_fqkskr.jpg",
    "favcut": "Choppy Bob",
    "service": [
      1,
      2,
      3,
      4,
      5,
      6,
      10,
      11,
      12,
      13,
      14,
      15,
      16,
      17,
      18,
      19,
      20,
      21,
      22,
      23,
      24,
      25,
      26
    ]
  }
},
{
  "model": "staff.staff",
  "pk": 7,
  "fields": {
    "name": "Lorenzo",
    "role": "Senior Stylist",
    "bio": "Our Long-term stylist Lorenzo has been with us for 13 years and has over 20 years experience on the shop floor. Lorenzo has worked in a range of different environments from backstage at London fashion week, brand campaigns to Hair shows. Having previously worked with celebrities such as Annie Lennox to Marina Diamandis he has a diverse skill set. Specialises in  Precision, texture and fashion cuts and colour.",
    "image": "https://res.cloudinary.com/do68wjft3/image/upload/v1600198691/WhatsApp_Image_2020-09-10_at_17.53.49_rfvghp_ukx2x6.jpg",
    "favcut": "Layered cut (Sexy Layers)",
    "service": [
      1,
      2,
      3,
      4,
      5,
      6,
      7,
      8,
      9,
      10,
      11,
      12,
      13,
      14,
      15,
      16,
      17,
      18,
      19,
      20,
      21,
      22,
      23,
      24,
      25,
      26
    ]
  }
},
{
  "model": "staff.staff",
  "pk": 8,
  "fields": {
    "name": "Farrah",
    "role": "Senior Stylist",
    "bio": "From Dublin to Berlin to London, Farrah has worked in various locations during her 15 years of salon experience, although having only been part of pimps for 9 months she brings with her an exciting range of skills. You may have seen some of her work on tv shows such as Camelot and Vikings, and movies such as Neverland and this must be the place. Specialises in  Long hair, styling, blonde and occasion hair.",
    "image": "https://res.cloudinary.com/do68wjft3/image/upload/v1599821932/WhatsApp_Image_2020-09-10_at_17.53.50_2_gpsvwx.jpg",
    "favcut": "One Length",
    "service": [
      1,
      2,
      3,
      4,
      5,
      6,
      7,
      8,
      9,
      10,
      11,
      12,
      13,
      14,
      15,
      16,
      17,
      18,
      19,
      20,
      21,
      22,
      23,
      24,
      25,
      26
    ]
  }
},
{
  "model": "staff.staff",
  "pk": 9,
  "fields": {
    "name": "Romina",
    "role": "Senior Stylist",
    "bio": "From Hamburg to London, Romina has been with us for over 1 year, bringing over 9 years shop floor experience. Coming from a family of hairdressers she is 3rd generation, growing up amongst her families barber shop which has been open for over 85 years. Her qualifications include a German Masters in hairdressing and Wella Master of colour. Specialises in  Highlights, all over global colour and tint.",
    "image": "https://res.cloudinary.com/do68wjft3/image/upload/v1599821959/WhatsApp_Image_2020-09-10_at_17.53.48_lton80.jpg",
    "favcut": "Long bob",
    "service": [
      1,
      2,
      3,
      4,
      5,
      6,
      7,
      8,
      9,
      10,
      11,
      12,
      13,
      14,
      15,
      16,
      17,
      18,
      19,
      20,
      21,
      22,
      23,
      24,
      25,
      26
    ]
  }
},
{
  "model": "staff.staff",
  "pk": 10,
  "fields": {
    "name": "Rob",
    "role": "Senior Stylist",
    "bio": "With just over 15 years salon floor experience and 2 years at pimps and pin-ups, Rob has extensive training provided by both Sassoon and Trevor Sorbie. He is a confident hair consultant and is also one of few stylists who offer our KeraStraight treatment. Specialises in  Precision/structured/shape cuttingSpecialises in  Precision/structured/shape cutting",
    "image": "https://res.cloudinary.com/do68wjft3/image/upload/v1599821938/WhatsApp_Image_2020-09-10_at_17.53.50_1_wgrz6b.jpg",
    "favcut": "Graduated Bob and Halo Haircut",
    "service": [
      1,
      2,
      3,
      5,
      6,
      10,
      18,
      19,
      20,
      21,
      22,
      23,
      24,
      25,
      26,
      27,
      28,
      29,
      11,
      12,
      15,
      16,
      17
    ]
  }
},
{
  "model": "staff.staff",
  "pk": 11,
  "fields": {
    "name": "Greta",
    "role": "Senior Stylist",
    "bio": "Although one of our newest additions to the team, Greta has over 10 years shop floor experience. Straight from the fashion capital Milan to London, Greta has a versatile skill set regarding cuts, ranging from classic to modern. Specialises in  Curly Hair, Cutting and blow-drys.",
    "image": "https://res.cloudinary.com/do68wjft3/image/upload/v1599964584/WhatsApp_Image_2020-09-11_at_18.11.58_1_efnxg2.jpg",
    "favcut": "Mullet",
    "service": [
      10,
      5,
      3,
      2,
      1,
      6
    ]
  }
},
{
  "model": "staff.staff",
  "pk": 12,
  "fields": {
    "name": "Rebecca",
    "role": "Senior Stylist",
    "bio": "Rebecca comes to us having sold her own Salon which she owned for 5 years in her hometown Yorkshire. She has now been with us for 4 years and has a total of 17 years shop floor experience. After training with Toni and Guy she went on to work on shoots with various fashion brands for Liberties and has participated in on stage demos for Salon international. Confident in all aspects of colour,  with a Wella colour expert qualification. Specialises in  Balayage and short pixie cuts.",
    "image": "https://res.cloudinary.com/do68wjft3/image/upload/v1599936396/WhatsApp_Image_2020-09-11_at_20.37.47_1_rth19t.jpg",
    "favcut": "Razor Cut",
    "service": [
      1,
      2,
      3,
      4,
      5,
      6,
      7,
      8,
      9,
      10,
      11,
      12,
      13,
      14,
      15,
      16,
      17,
      18,
      19,
      20,
      21,
      22,
      23,
      24,
      25,
      26
    ]
  }
},
{
  "model": "staff.staff",
  "pk": 13,
  "fields": {
    "name": "Olivia",
    "role": "Stylist",
    "bio": "Having worked her way up from part of our junior team, Olivia has been working as a stylist for over 2 years. She knows the salon well and what is best for her clients through her detailed consultations ensuring both stylist and client is happy with the finished look. Confident with colour services her work really shines through balayage and crazy colours. Specialises in  Crazy Colour and Balayage",
    "image": "https://res.cloudinary.com/do68wjft3/image/upload/v1600171828/WhatsApp_Image_2020-09-11_at_20.37.48_wb6ipp.jpg",
    "favcut": "Textured one length",
    "service": [
      1,
      3,
      4,
      5,
      6,
      10,
      11,
      12,
      13,
      14,
      15,
      16,
      17,
      18,
      19,
      20,
      21,
      22,
      23,
      24,
      25,
      26
    ]
  }
},
{
  "model": "staff.staff",
  "pk": 14,
  "fields": {
    "name": "Bec",
    "role": "Senior Stylist",
    "bio": "Having styled hair all over the world from Australia to LA to finally settling down in London, Bec has been part of the team since 2013. With impressive achievements to accompany her years of experience, such as Lead stylist on Vogue style shows to the White House fashion institute. She is an ideal stylist for those looking for colour transformations, having won both the Aveda colour harmony award and the Davines colour award.",
    "image": "https://res.cloudinary.com/do68wjft3/image/upload/v1600351415/WhatsApp_Image_2020-09-17_at_14.45.42_uqddpn.jpg",
    "favcut": "Bob",
    "service": [
      1,
      2,
      3,
      5,
      6,
      10,
      22,
      23,
      24,
      25,
      26
    ]
  }
},
{
  "model": "staff.staff",
  "pk": 15,
  "fields": {
    "name": "Cecilia",
    "role": "Senior Stylist",
    "bio": "Having worked in several locations all over Europe our Spanish Seorita Cecilia has been with us for over 2 years and has a staggering 20 years of experience behind her. Picking up lots of different techniques and skills along the way, allowing her to adapt to each individual clients needs. With a passion for the 40s era, she is perfect for styling all occasions.",
    "image": "https://res.cloudinary.com/do68wjft3/image/upload/v1600291988/WhatsApp_Image_2020-09-16_at_22.30.31_ivhpqb.jpg",
    "favcut": "40s style hairstyling",
    "service": []
  }
},
{
  "model": "staff.staff",
  "pk": 16,
  "fields": {
    "name": "Cam",
    "role": "Senior Stylist",
    "bio": "n/a",
    "image": "https://res.cloudinary.com/do68wjft3/image/upload/v1599936422/WhatsApp_Image_2020-09-11_at_20.37.47_txdrxu.jpg",
    "favcut": "Pixie Cut",
    "service": []
  }
},
{
  "model": "service.service",
  "pk": 1,
  "fields": {
    "name": "Ladies Cut and Blowdry",
    "info": "Haircut",
    "price": 50,
    "staff": [
      7,
      12,
      13,
      11,
      6,
      10,
      9,
      8,
      5,
      4,
      2,
      1
    ],
    "product": []
  }
},
{
  "model": "service.service",
  "pk": 2,
  "fields": {
    "name": "Men's Cut and Dry",
    "info": "Haircut",
    "price": 42,
    "staff": [
      7,
      12,
      11,
      6,
      10,
      9,
      8,
      5,
      4,
      2,
      1
    ],
    "product": []
  }
},
{
  "model": "service.service",
  "pk": 3,
  "fields": {
    "name": "Long Blow Dry",
    "info": "Styling",
    "price": 40,
    "staff": [
      1,
      2,
      4,
      5,
      6,
      7,
      8,
      9,
      10,
      11,
      12,
      13
    ],
    "product": []
  }
},
{
  "model": "service.service",
  "pk": 4,
  "fields": {
    "name": "Balayage with Root Colour from",
    "info": "Balayage",
    "price": 130,
    "staff": [
      1,
      2,
      4,
      6,
      7,
      8,
      9,
      12,
      13
    ],
    "product": [
      2,
      3
    ]
  }
},
{
  "model": "service.service",
  "pk": 5,
  "fields": {
    "name": "Medium Blowdry",
    "info": "Styling",
    "price": 35,
    "staff": [
      1,
      2,
      4,
      7,
      8,
      9,
      12,
      5,
      6,
      10,
      11,
      13
    ],
    "product": []
  }
},
{
  "model": "service.service",
  "pk": 6,
  "fields": {
    "name": "Short Blowdry",
    "info": "Styling",
    "price": 30,
    "staff": [
      1,
      2,
      4,
      5,
      6,
      7,
      8,
      9,
      10,
      11,
      12,
      13
    ],
    "product": []
  }
},
{
  "model": "service.service",
  "pk": 7,
  "fields": {
    "name": "Hair-Up Long",
    "info": "Styling",
    "price": 55,
    "staff": [],
    "product": []
  }
},
{
  "model": "service.service",
  "pk": 8,
  "fields": {
    "name": "Hair-Up Medium",
    "info": "Styling",
    "price": 50,
    "staff": [
      7,
      12,
      9,
      8,
      4,
      2,
      1
    ],
    "product": []
  }
},
{
  "model": "service.service",
  "pk": 9,
  "fields": {
    "name": "Hair-Up Short",
    "info": "Styling",
    "price": 45,
    "staff": [
      7,
      12,
      9,
      8,
      4,
      2,
      1
    ],
    "product": []
  }
},
{
  "model": "service.service",
  "pk": 10,
  "fields": {
    "name": "Fringe Trim",
    "info": "Haircut",
    "price": 5,
    "staff": [
      1,
      2,
      4,
      5,
      6,
      7,
      8,
      9,
      10,
      11,
      12,
      13
    ],
    "product": []
  }
},
{
  "model": "service.service",
  "pk": 11,
  "fields": {
    "name": "Full Head of HighLights From",
    "info": "Highlights",
    "price": 125,
    "staff": [
      1,
      2,
      4,
      6,
      7,
      8,
      9,
      10,
      12,
      13
    ],
    "product": []
  }
},
{
  "model": "service.service",
  "pk": 12,
  "fields": {
    "name": "Half Head of HighLights From",
    "info": "Highlights",
    "price": 105,
    "staff": [
      1,
      2,
      4,
      6,
      7,
      8,
      9,
      10,
      12,
      13
    ],
    "product": []
  }
},
{
  "model": "service.service",
  "pk": 13,
  "fields": {
    "name": "Parting & Hairline HighLights From",
    "info": "Highlights",
    "price": 85,
    "staff": [
      1,
      2,
      4,
      6,
      7,
      8,
      9,
      12,
      13
    ],
    "product": []
  }
},
{
  "model": "service.service",
  "pk": 14,
  "fields": {
    "name": "Balayage with Natural Root From",
    "info": "Balayage",
    "price": 105,
    "staff": [
      1,
      2,
      4,
      6,
      7,
      8,
      9,
      12,
      13
    ],
    "product": []
  }
},
{
  "model": "service.service",
  "pk": 15,
  "fields": {
    "name": "Root Bleach from",
    "info": "Bleach",
    "price": 100,
    "staff": [
      1,
      2,
      4,
      6,
      7,
      8,
      9,
      12,
      13
    ],
    "product": []
  }
},
{
  "model": "service.service",
  "pk": 16,
  "fields": {
    "name": "Full Head Bleach from",
    "info": "Bleach",
    "price": 130,
    "staff": [
      4,
      2,
      1
    ],
    "product": []
  }
},
{
  "model": "service.service",
  "pk": 17,
  "fields": {
    "name": "Root Tint to Ends From",
    "info": "Tint",
    "price": 90,
    "staff": [
      1,
      2,
      4,
      6,
      7,
      9,
      10,
      12,
      13
    ],
    "product": []
  }
},
{
  "model": "service.service",
  "pk": 18,
  "fields": {
    "name": "Root Tint to Touch Up From",
    "info": "Tint",
    "price": 70,
    "staff": [
      1,
      2,
      4,
      6,
      7,
      8,
      9,
      10,
      11,
      12
    ],
    "product": []
  }
},
{
  "model": "service.service",
  "pk": 19,
  "fields": {
    "name": "Semi - Long",
    "info": "Tint",
    "price": 70,
    "staff": [
      4,
      5,
      6,
      7,
      8,
      9,
      10,
      11,
      12,
      13
    ],
    "product": []
  }
},
{
  "model": "service.service",
  "pk": 20,
  "fields": {
    "name": "Semi - Medium",
    "info": "Tint",
    "price": 65,
    "staff": [
      1,
      2,
      4,
      5,
      6,
      7,
      8,
      9,
      10,
      11,
      12,
      13
    ],
    "product": []
  }
},
{
  "model": "service.service",
  "pk": 21,
  "fields": {
    "name": "Semi - Short",
    "info": "Tint",
    "price": 60,
    "staff": [
      1,
      2,
      4,
      5,
      6,
      7,
      8,
      9,
      10,
      11,
      12,
      13
    ],
    "product": []
  }
},
{
  "model": "service.service",
  "pk": 22,
  "fields": {
    "name": "Olaplex/Wellaplex Stand Alone -Long",
    "info": "Treatments",
    "price": 65,
    "staff": [
      1,
      2,
      4,
      5,
      6,
      7,
      8,
      9,
      10,
      11,
      12,
      13
    ],
    "product": []
  }
},
{
  "model": "service.service",
  "pk": 23,
  "fields": {
    "name": "Olaplex/Wellaplex Stand Alone - Medium",
    "info": "Treatments",
    "price": 55,
    "staff": [
      1,
      2,
      4,
      5,
      6,
      7,
      8,
      9,
      10,
      11,
      12,
      13
    ],
    "product": []
  }
},
{
  "model": "service.service",
  "pk": 24,
  "fields": {
    "name": "Olaplex/Wellaplex Stand Alone - Short",
    "info": "Treatments",
    "price": 45,
    "staff": [
      1,
      2,
      4,
      5,
      6,
      7,
      8,
      9,
      10,
      11,
      12,
      13
    ],
    "product": []
  }
},
{
  "model": "service.service",
  "pk": 25,
  "fields": {
    "name": "Olaplex Added on to Colour",
    "info": "Treatments",
    "price": 30,
    "staff": [
      1,
      2,
      4,
      5,
      6,
      7,
      8,
      9,
      10,
      11,
      12,
      13
    ],
    "product": []
  }
},
{
  "model": "service.service",
  "pk": 26,
  "fields": {
    "name": "Nourishing Treatment - With Service Only",
    "info": "Treatments",
    "price": 10,
    "staff": [
      1,
      2,
      4,
      5,
      6,
      7,
      8,
      9,
      10,
      11,
      12,
      13
    ],
    "product": []
  }
},
{
  "model": "service.service",
  "pk": 27,
  "fields": {
    "name": "Kerastraight Smoothing Treatment - Long from",
    "info": "Kerastraight",
    "price": 255,
    "staff": [
      10,
      2,
      1
    ],
    "product": []
  }
},
{
  "model": "service.service",
  "pk": 28,
  "fields": {
    "name": "Kerastraight Smoothing Treatment - Medium from",
    "info": "Kerastraight",
    "price": 200,
    "staff": [
      10,
      2,
      1
    ],
    "product": []
  }
},
{
  "model": "service.service",
  "pk": 29,
  "fields": {
    "name": "Kerastraight Smoothing Treatment - Short from",
    "info": "Kerastraight",
    "price": 180,
    "staff": [
      10,
      4,
      2,
      1
    ],
    "product": []
  }
},
{
  "model": "product.product",
  "pk": 2,
  "fields": {
    "name": "Olaplex Shampoo",
    "brand": "Olaplex",
    "image": "https://res.cloudinary.com/do68wjft3/image/upload/v1600199503/12164501-1014769696961231_t7uivq_joyvus.png",
    "use": "N4 Shampoo repairs and protects hair from everyday stresses  including damaged hair, split ends, and frizz  by re-linking broken bonds. Leaves hair easier to manage, shinier and healthier with each use. N4 is color-safe and proven to reduce breakage and strengthen all types of hair. All hair types, especially those needing clarifying or oil control.",
    "hairtype": "All Types",
    "service": []
  }
},
{
  "model": "product.product",
  "pk": 3,
  "fields": {
    "name": "Olaplex Conditioner",
    "brand": "Olaplex",
    "image": "https://res.cloudinary.com/do68wjft3/image/upload/v1600199503/12164549-2144769697430818_mf5zfw_nigk3y.png",
    "use": "Leaves hair easier to manage, shinier and healthier with each use. Protects and repairs damaged hair, split ends, and frizz by re-linking broken bonds. It is color-safe and will strengthen and leave your hair stronger than ever.",
    "hairtype": "All Types",
    "service": []
  }
},
{
  "model": "product.product",
  "pk": 4,
  "fields": {
    "name": "Olaplex Bonding Oil",
    "brand": "Olaplex",
    "image": "https://res.cloudinary.com/do68wjft3/image/upload/v1600199504/12362849-4724769698207293_nytnst_u2yoab.png",
    "use": "Dramatically increases shine, softness, and color vibrancy. N7 minimizes flyaways and frizz, while providing UV/heat protection of up to 450F/232C. All hair types, especially for those using heat tools daily.",
    "hairtype": "All Types",
    "service": []
  }
},
{
  "model": "product.product",
  "pk": 5,
  "fields": {
    "name": "Olaplex Bond Smoother",
    "brand": "Olaplex",
    "image": "https://res.cloudinary.com/do68wjft3/image/upload/v1600199503/12164550-1784769697718158_qn66lq_rt29td.png",
    "use": "N6 strengthens, moisturizes, and speeds up blow-dry times. Excellent for all hair types, including colored and chemically treated hair, and eliminates frizz and flyaways for up to 72 hours. All hair types. Blow dry or air-dry styling.",
    "hairtype": "All Types",
    "service": []
  }
},
{
  "model": "product.product",
  "pk": 6,
  "fields": {
    "name": "Lockdown",
    "brand": "Evo",
    "image": "https://res.cloudinary.com/do68wjft3/image/upload/v1599969529/39887_evo_lockdown_leave_in_smoothing_treatment_150ml_front_201906.1599718941_uhvni7.png",
    "use": "leave-in treatment to smooth, detangle and prepare hair for styling while greatly improving shine and manageability. aControls unruly hair and reduces frizz. adds softness and shine, helps detangle and improve manageability. Recommended for frizzy, unruly, colour-treated hair.",
    "hairtype": "Curly",
    "service": []
  }
},
{
  "model": "product.product",
  "pk": 7,
  "fields": {
    "name": "Root Canal",
    "brand": "Evo",
    "image": "https://res.cloudinary.com/do68wjft3/image/upload/v1599969500/39218_evo_root_canal_volumising_spray_200ml_front_201906_1.1599716713_pxrbkt.png",
    "use": "A volumising root lift spray that builds body and texture. Adds volume and style support at the roots, improves the manageability of hair and wearability of hair styles. pump spray packaging rather than aerosol. Recommended for all hair types, especially fine hair.",
    "hairtype": "Fine",
    "service": []
  }
},
{
  "model": "product.product",
  "pk": 8,
  "fields": {
    "name": "Happy Campers",
    "brand": "Evo",
    "image": "https://res.cloudinary.com/do68wjft3/image/upload/v1599969461/39251_evo_happy_campers_leave_in_moisturiser_150ml_front_201906.1599718272_pe8adb.png",
    "use": "A lightweight, daily styling treatment that moisturises, strengthens and protects, while adding style support. Dual delivery as a spray or a cream for a more concentrated effect. adds moisture, reduces frizz and helps provide protection from uv and heat damage. improves styling and reduces blow-drying time while providing slight volume and hold. Recommended for all hair types; especially weak, brittle, colour-treated hair.",
    "hairtype": "All Types",
    "service": []
  }
},
{
  "model": "product.product",
  "pk": 9,
  "fields": {
    "name": "Liquid Rollers",
    "brand": "Evo",
    "image": "https://res.cloudinary.com/do68wjft3/image/upload/v1599969390/liquid_rollers_gallery_1.1599716306_ynrjzv.png",
    "use": "A light hold curl balm that enhances natural curl shape while moisturising and protecting against frizz.  lightly holds to enhance natural curl shape and pattern  adds softness and shine while helping to detangle, improve manageability and condition  seals the cuticle to prevent moisture loss, reduce frizz and provide humidity control  leaves curls defined, hydrated and touchable. Recommended for all curl types, including: wavy, curly, coily and tight textures.",
    "hairtype": "Curly",
    "service": []
  }
},
{
  "model": "product.product",
  "pk": 10,
  "fields": {
    "name": "Rose Oil Shampoo",
    "brand": "Pimps and Pinups",
    "image": "https://res.cloudinary.com/do68wjft3/image/upload/v1600198782/Shampoo_njptma_qztwtu.png",
    "use": "A gentle cleanser for all hair types including coloured and chemically treated hair. Infused with Rose oil for its anti inflammatory and antibacterial properties to help promote a healthy scalp. Rose oil also has amazing moisturising effects to prevent dehydration. Packed with antioxidants , wheat amino acids and Vitamins A, C, B5, and E for further Hydration, adding moisture and shine. Great for all hair types.",
    "hairtype": "All Types",
    "service": []
  }
},
{
  "model": "product.product",
  "pk": 11,
  "fields": {
    "name": "Rose Oil Conditioner",
    "brand": "Pimps and Pinups",
    "image": "https://res.cloudinary.com/do68wjft3/image/upload/v1600198690/Conditioner_mqizt2_ueyn5r.png",
    "use": "Rose Oil Conditioner is designed for weightless moisture, softness and shine. Rose oil has the ability to deliver intense moisture and hydration. The molecules of this oil are small, allowing for a deeper level of penetration when used on the hair making it great for dry, damaged and brittle hair also great for coloured and chemically treated hair. Packed full of antioxidants, like Geraniol, that can help eliminate any impurities and protect from oxidative stress. Rose oil also strengthens hair at the root, protects against frizz and adds shine, it's antiviral and antibacterial properties keep the scalp safe from irritations and other scalp problems. Shea butter and hydrolysed silk help detangling and cuticle smoothing, leaving hair weightless, silky smooth and super shiny.",
    "hairtype": "All Types",
    "service": []
  }
},
{
  "model": "product.product",
  "pk": 12,
  "fields": {
    "name": "Dirty Deeds - Wax",
    "brand": "Pimps and Pinups",
    "image": "https://res.cloudinary.com/do68wjft3/image/upload/v1600200909/dirtydeeds_sfarwi_ec1mgu.png",
    "use": "Creates structured looks that remain in place. creates touchable texture and builds body. flexible hold that can be restyled with ease.  Recommended for all hair types; especially thick, coarse hair.",
    "hairtype": "All Types",
    "service": []
  }
},
{
  "model": "product.product",
  "pk": 13,
  "fields": {
    "name": "Fabuloso Toning Treatment",
    "brand": "Evo",
    "image": "https://res.cloudinary.com/do68wjft3/image/upload/v1600182825/24028_evo_platinum_220ml_side_201809_0608_1.1599716853_cgutan.png",
    "use": "A platinum blonde treatment that conditions while neutralising unwanted brassy, yellow tones in colour-treated blonde and lightened hair to leave it toned, refreshed and revived with added shine.  instantly refreshes and tones to extend the life of colour-treated blonde and lightened hair  nourishing treatment softens and conditions hair  restores and maintains moisture balance to reduce frizz and give brilliant shine. Recommended for dull, dry, lightened or colour-treated blonde hair",
    "hairtype": "Coloured",
    "service": []
  }
},
{
  "model": "product.product",
  "pk": 14,
  "fields": {
    "name": "Shebangabang",
    "brand": "Evo",
    "image": "https://res.cloudinary.com/do68wjft3/image/upload/v1599970244/39104_shebangabang_dry_spray_wax_200ml_front_201906_1.1599723512_ignw09.png",
    "use": "A styling spray with an ultra-fine mist designed to create workable, pliable texture. Creates pliable texture with separation and movement. can be used on any hair type to style wet or dry hair. mist provides even distribution to easily build styles. Recommended for all hair types.",
    "hairtype": "All Types",
    "service": []
  }
},
{
  "model": "product.product",
  "pk": 15,
  "fields": {
    "name": "Haze Styling Powder",
    "brand": "Evo",
    "image": "https://res.cloudinary.com/do68wjft3/image/upload/v1599970150/39105_haze_styling_powder_50ml_front_201906.1599718502_v3gekl.png",
    "use": "A styling powder to add volume and texture with a matte finish. Creates volume with touchable texture. pump provides even distribution for general or targeted application. refillable pump reduces environmental impact and wastage. Recommended for all hair types; especially fine, limp hair.",
    "hairtype": "Fine",
    "service": []
  }
},
{
  "model": "product.product",
  "pk": 16,
  "fields": {
    "name": "Days of Grace",
    "brand": "Evo",
    "image": "https://res.cloudinary.com/do68wjft3/image/upload/v1599970107/39260_evo_day_of_grace_pre_style_primer_200ml_front_201906.1599717970_sli5te.png",
    "use": "A lightweight leave-in primer to prepare hair for styling. Lightly conditions and prepares hair for styling. helps provide protection from uv and heat damage. adds softness and shine, reduces frizz, helps detangle and improve manageability. Recommended for all hair types; especially fine hair.",
    "hairtype": "All Types",
    "service": []
  }
},
{
  "model": "product.product",
  "pk": 17,
  "fields": {
    "name": "Salty Dog Sea Salt Spray",
    "brand": "Evo",
    "image": "https://res.cloudinary.com/do68wjft3/image/upload/v1599970127/39263_evo_salty_dog_salt_spray_200ml_front_201906.1599717053_zv2rle.png",
    "use": "A sea-esque mist to give salty, beach-based texture with a matte finish. Creates touchable beach-based texture and body. provides natural matte finish. Recommended for all hair types.",
    "hairtype": "Fine",
    "service": []
  }
},
{
  "model": "product.product",
  "pk": 18,
  "fields": {
    "name": "Crop Strutters",
    "brand": "Evo",
    "image": "https://res.cloudinary.com/do68wjft3/image/upload/v1599970472/39991_evo_crop_strutters_front_web_201907.1599721636_wj7q24.png",
    "use": "a styling cream for medium, malleable hold, support and separationwith medium shine.  benefits. improves styling, definition and hold. flexible hold that can be restyled with ease. easily washes out, without leaving residue. Recommended for all hair types; especially short hair.",
    "hairtype": "All Types",
    "service": []
  }
},
{
  "model": "product.product",
  "pk": 19,
  "fields": {
    "name": "Water Killer",
    "brand": "Evo",
    "image": "https://res.cloudinary.com/do68wjft3/image/upload/v1599970072/39109_evo_water_killer_side_2_201809_0017.1599721325_pdsbuw.png",
    "use": "A two-in-one dry shampoo and styling spray that makes hair feel and smell fresh again. concept. a two-in-one dry shampoo and styling spray that makes hair feel and smell fresh again.  benefits. helps prevent damage to hair through washing and blow drying. saves time. saves water. Can be used anytime, anywhere. can also be used as a texturising styling spray. Recommended for all hair types.",
    "hairtype": "Fine",
    "service": []
  }
},
{
  "model": "product.product",
  "pk": 20,
  "fields": {
    "name": "No.3 Hair Perfector",
    "brand": "Olaplex",
    "image": "https://res.cloudinary.com/do68wjft3/image/upload/v1600328334/11416400-1924769696555556_rhqeec.jpg",
    "use": "An at home treatment that reduces breakage and visibly strengthens hair, improving its look and feel. It will restore your hair's healthy appearance and texture by repairing damage and protecting hair structure. All hair types, especially for those with visible damage.",
    "hairtype": "Damaged",
    "service": []
  }
},
{
  "model": "product.product",
  "pk": 21,
  "fields": {
    "name": "The Great Hydrator",
    "brand": "Evo",
    "image": "https://res.cloudinary.com/do68wjft3/image/upload/v1600341176/39249_evo_the_great_hydrator_moisture_mask_front_201906.1599717077_uvkz7r.png",
    "use": "An intense hydrating treatment to moisturise, soften, reduce frizz and add shine. Deeply moisturises, adds softness and shine while helping to detangle and improve manageability. Recommended for dry, colour-treated hair.",
    "hairtype": "Damaged",
    "service": []
  }
},
{
  "model": "product.product",
  "pk": 22,
  "fields": {
    "name": "Shape Vixen",
    "brand": "Evo",
    "image": "https://res.cloudinary.com/do68wjft3/image/upload/v1600341262/39217_evo_shape_vixen_volumising_lotion_200ml_front_201906_1.1599717269_p4xt7p.png",
    "use": "A volumising lotion that adds lasting body and shape memory with a touchable finish. Adds fullness and body without weighing down hair. improves styling with lasting hold. increases slip and leaves hair feeling light. Recommended for all hair types; especially fine hair.",
    "hairtype": "Fine",
    "service": []
  }
},
{
  "model": "product.product",
  "pk": 23,
  "fields": {
    "name": "Macgyver",
    "brand": "Evo",
    "image": "https://res.cloudinary.com/do68wjft3/image/upload/v1600341698/39510_evo_macgyver_multi-use_mousse_200ml_side_201906.1599722861_k31qif.png",
    "use": "A multi-purpose styling mousse that can be used with or without heat to create volume, separation and texture. Adds shape memory with lasting hold for improved styling. creates volume and touchable texture.easily brushes out without leaving residue. can be used with or without heat to style and/or finish wet or dry hair. Recommended for all hair types.",
    "hairtype": "All Types",
    "service": []
  }
},
{
  "model": "product.product",
  "pk": 24,
  "fields": {
    "name": "Miss Malleable",
    "brand": "Evo",
    "image": "https://res.cloudinary.com/do68wjft3/image/upload/v1600341983/_evo_miss_malleable_100ml_front_web_201907.1599718543_rks2fc.png",
    "use": "A strong hold, flexible hairspray for styling and finishing that brushes out to an invisible finish. Creates structured looks that remain in place. flexible hold that can be restyled with ease. easily brushes out without residue. fine, dry mist dries on contact to leave a non-tacky finish. Recommended for all hair types.",
    "hairtype": "All Types",
    "service": []
  }
}
]
